MagpieData mean MendeleevNumber,frac p valence electrons,MagpieData mean NpValence,temperature_K,frac s valence electrons,MagpieData maximum MeltingT,MagpieData mean NpUnfilled,MagpieData range MeltingT,MagpieData avg_dev NUnfilled,MagpieData avg_dev NpValence,dopant_host_charge_mismatch,dopant_host_radius_mismatch,target_value
82.27000000000001,0.1885556704584626,2.735,400.0,0.1206480523957256,1234.93,1.735,512.2700000000001,0.5123500000000001,1.39485,0.0,0.1079999999999999,320.0
83.17073170731707,0.195,2.853658536585366,500.0,0.1216666666666666,1234.93,1.829268292682927,512.2700000000001,0.5104104699583581,1.2528256989886974,0.0,0.0,250.0
82.47,0.1916376306620209,2.75,300.0,0.1219512195121951,1234.93,1.75,846.57,0.5,1.375,0.0,0.3699999999999999,189.0
82.36,0.1861738535249829,2.72,297.0,0.1197809719370294,1234.93,1.72,1000.61,0.5244000000000001,1.4144,1.0,0.2599999999999999,239.99999999999997
82.3725,0.1893768442978649,2.7275,300.0,0.1215066828675577,1234.93,1.7275,512.2700000000001,0.5184124999999999,1.4046625,1.0,0.04,212.02
82.27499999999999,0.1871324801106883,2.705,300.0,0.1210653753026634,1234.93,1.705,640.71,0.53615,1.43365,1.0,0.19,250.0
82.42500000000001,0.1888160165688643,2.735,300.0,0.1208146358301691,1234.93,1.735,640.71,0.5123500000000001,1.39485,1.0,0.19,239.99999999999997
82.49499999999999,0.1896551724137931,2.75,500.0,0.1206896551724138,1234.93,1.75,740.9300000000001,0.5,1.375,0.0,0.2299999999999997,219.99999999999997
83.16666666666667,0.1931818181818182,2.8333333333333335,295.0,0.125,1234.93,2.1666666666666665,740.9300000000001,0.7777777777777778,1.222222222222222,1.0,0.03,194.0
82.48750000000001,0.1895154336954647,2.7475,300.0,0.120710467321952,1234.93,1.7525,729.8500000000001,0.50375,1.3774875,1.0,0.07,208.99999999999997
84.19583333333335,0.1937178565503511,2.9191666666666665,300.0,0.1271912846319747,1234.93,2.5808333333333335,969.13,0.946527777777778,1.0993055555555558,1.0,0.2499999999999997,56.99999999999999
82.5125,0.1873935264054514,2.75,300.0,0.1192504258943781,1234.93,1.75,690.5300000000001,0.5,1.375,0.0,0.2699999999999999,200.99999999999997
82.5075,0.1882916809311879,2.75,300.0,0.1198219787743923,1234.93,1.75,690.5300000000001,0.5,1.375,0.0,0.2699999999999999,244.0
82.455,0.189307156165896,2.7432499999999997,300.0,0.1206093437305914,1234.93,1.74325,512.2700000000001,0.50222975,1.3839696250000002,2.0,0.39,120.59
82.4625,0.1892358116267034,2.7425,300.0,0.1207521131619803,1234.93,1.7575,729.8500000000001,0.5112500000000002,1.3823875,1.0,0.07,229.99999999999997
82.25,0.1896551724137931,2.75,500.0,0.1206896551724138,1234.93,1.75,740.9300000000001,0.5,1.375,0.0,0.2299999999999997,300.0
82.36,0.1861738535249829,2.72,300.0,0.1197809719370294,1234.93,1.72,1000.61,0.5244000000000001,1.4144,1.0,0.2599999999999999,239.99999999999997
83.80952380952381,0.2,2.952380952380953,575.0,0.1225806451612903,1234.93,1.9047619047619049,512.2700000000001,0.5170068027210885,1.1247165532879817,0.0,0.0,239.99999999999997
82.67901234567901,0.1930272108843537,2.802469135802469,325.0,0.1224489795918367,1519.0,1.7901234567901236,796.34,0.5523548239597623,1.3147386069196767,1.0,0.0699999999999999,179.99999999999997
82.375,0.1882556131260794,2.725,300.0,0.1208981001727115,1234.93,1.775,729.8500000000001,0.5375000000000002,1.39875,1.0,0.07,179.99999999999997
82.32,0.1895300621976502,2.7424999999999997,300.0,0.1209398756046993,1234.93,1.7425,512.2700000000001,0.5224999999999999,1.3849625,0.0,0.2719999999999999,227.57
83.69,0.1959459459459459,2.9,325.0,0.1283783783783783,1234.93,2.5,740.9300000000001,0.92,1.12,0.0,0.2299999999999997,84.99999999999999
82.27000000000001,0.1885556704584626,2.735,300.0,0.1206480523957256,1234.93,1.735,512.2700000000001,0.5123500000000001,1.39485,0.0,0.1079999999999999,280.0
82.27000000000001,0.1885556704584626,2.735,500.0,0.1206480523957256,1234.93,1.735,512.2700000000001,0.5123500000000001,1.39485,0.0,0.1079999999999999,330.0
82.3125,0.1896551724137931,2.75,500.0,0.1206896551724138,1234.93,1.75,740.9300000000001,0.5,1.375,0.0,0.2299999999999997,179.99999999999997
85.8955223880597,0.2163225172074729,3.2835820895522385,300.0,0.1248770894788594,1234.93,2.08955223880597,512.2700000000001,0.4811762085096903,0.855424370683894,0.0,0.0,219.99999999999997
83.65,0.1959459459459459,2.9,325.0,0.1283783783783783,1234.93,2.5,740.9300000000001,0.92,1.12,0.0,0.2299999999999997,80.0
82.425,0.1929824561403508,2.75,300.0,0.1228070175438596,1234.93,1.75,846.57,0.5,1.375,0.0,0.2299999999999997,229.99999999999997
82.29426433915212,0.1889559965487489,2.7306733167082293,623.0,0.1211389128559102,1811.0,1.7281795511221945,1088.34,0.5099843906443369,1.4027897836456242,0.0,0.1149999999999999,270.0
82.2716049382716,0.1917808219178082,2.765432098765432,575.0,0.1232876712328767,1519.0,1.7530864197530864,796.34,0.5883249504648682,1.3656454808718184,1.0,0.0699999999999999,215.0
82.1875,0.1896551724137931,2.75,500.0,0.1206896551724138,1234.93,1.75,740.9300000000001,0.5,1.375,0.0,0.2299999999999997,399.99999999999994
82.22388059701494,0.1906400550584996,2.756218905472637,300.0,0.1211286992429456,1234.93,1.7512437810945276,864.0600000000001,0.4975124378109453,1.371253186802307,0.0,0.1300000000000001,239.99999999999997
82.514385789342,0.1896563621308307,2.750562922191644,300.0,0.1208252829147115,1234.93,1.7633224918689017,729.8500000000001,0.5118412239251995,1.3726907640074562,1.0,0.07,179.0
82.27499999999999,0.1871324801106883,2.705,573.0,0.1210653753026634,1234.93,1.705,640.71,0.53615,1.43365,1.0,0.19,263.99999999999994
81.975,0.1888598781549173,2.7125,323.0,0.1218450826805918,1941.0,1.7125,1218.34,0.59375,1.4240625,1.0,0.155,260.0
82.87231384307846,0.1925351895348638,2.806096951524238,300.0,0.12133317331596,1234.93,1.804097951024488,512.2700000000001,0.5156254955980283,1.2999759490569558,0.0,0.0,250.0
82.2716049382716,0.1917808219178082,2.765432098765432,325.0,0.1232876712328767,1519.0,1.7530864197530864,796.34,0.5883249504648682,1.3656454808718184,1.0,0.0699999999999999,179.99999999999997
82.49499999999999,0.1896551724137931,2.75,563.0,0.1206896551724138,1234.93,1.75,740.9300000000001,0.5,1.375,0.0,0.2299999999999997,278.0
82.41499999999999,0.1889974452806739,2.73725,300.0,0.1205378719878478,1234.93,1.73725,512.2700000000001,0.5041777500000001,1.391891625,2.0,0.39,101.02
81.65333333333332,0.1860465116279069,2.6666666666666665,323.0,0.1162790697674418,1357.77,1.3333333333333333,635.11,0.4444444444444444,1.7777777777777777,1.0,0.42,239.99999999999997
83.82203202722184,0.199897098982863,2.9518812421263165,551.0,0.1229174637098015,1234.93,1.9388547605750872,512.2700000000001,0.5440630177462694,1.1161970134886927,1.0,0.03,131.0
82.48750000000001,0.1895154336954647,2.7475,300.0,0.120710467321952,1234.93,1.7525,729.8500000000001,0.50375,1.3774875,1.0,0.07,179.99999999999997
68.425,0.2014652014652014,2.75,300.0,0.1282051282051282,1234.93,1.75,864.0600000000001,0.5,1.375,0.0,0.1300000000000001,100.0
82.87231384307846,0.1925351895348638,2.806096951524238,100.0,0.12133317331596,1234.93,1.804097951024488,512.2700000000001,0.5156254955980283,1.2999759490569558,0.0,0.0,100.0
82.4375,0.1889559965487489,2.7375,300.0,0.1207937877480586,1234.93,1.7625,729.8500000000001,0.51875,1.3871875,1.0,0.07,140.0
82.34413965087282,0.1896640826873384,2.7456359102244385,500.0,0.1209302325581395,1234.93,1.743142144638404,512.2700000000001,0.5698845156435596,1.3830884136292687,0.0,0.2499999999999999,254.99999999999997
82.3425,0.1884934346924671,2.7275,300.0,0.1204215618521078,1357.77,1.7275,635.11,0.507275,1.4046625,1.0,0.03,254.0
83.79375,0.1905983613341058,2.87875,300.0,0.1241413556236034,1234.93,2.3712500000000003,969.13,0.8778125000000001,1.1590625,1.0,0.2499999999999997,74.0
82.2975,0.1886890349360083,2.7275,298.0,0.1210653753026634,1768.0,1.7275,1045.34,0.5,1.4046625,0.0,0.15,80.0
82.5,0.1896551724137931,2.75,300.0,0.1206896551724138,1234.93,1.75,512.2700000000001,0.5,1.375,0.0,0.2699999999999999,164.0
82.8375,0.1912521440823327,2.7874999999999996,750.0,0.1226415094339622,1234.93,1.9375,729.8500000000001,0.6387499999999999,1.3028125000000004,1.0,0.4600000000000001,150.0
82.0625,0.1896551724137931,2.75,500.0,0.1206896551724138,1234.93,1.75,740.9300000000001,0.5,1.375,0.0,0.2299999999999997,549.9999999999999
76.02439024390245,0.1812191103789126,2.682926829268293,300.0,0.1169686985172981,1234.93,1.707317073170732,864.0600000000001,0.5234979179060084,1.439619274241523,0.0,0.1300000000000001,-250.0
82.42500000000001,0.1888160165688643,2.735,300.0,0.1208146358301691,1234.93,1.735,640.71,0.5123500000000001,1.39485,1.0,0.19,260.0
81.88557213930349,0.1883161512027491,2.726368159203981,323.0,0.1209621993127147,1234.93,1.7213930348258708,740.9300000000001,0.5218682705873617,1.41065815202594,1.0,0.19,239.99999999999997
82.4625,0.1896551724137931,2.75,300.0,0.1206896551724138,1234.93,1.75,740.9300000000001,0.5,1.375,0.0,0.2299999999999997,199.99999999999997
82.3425,0.1899827288428325,2.75,300.0,0.1208981001727115,1234.93,1.75,864.0600000000001,0.5,1.375,0.0,0.1300000000000001,265.0
84.9,0.1439024390243902,2.95,300.0,0.0951219512195122,1234.93,2.75,634.32,0.98,1.0550000000000002,1.0,0.04,-295.2
82.415,0.1894700381018358,2.735,573.0,0.1212331139591271,1234.93,1.735,512.2700000000001,0.5123500000000001,1.39485,1.0,0.04,186.0
83.5576923076923,0.1980392156862745,2.9134615384615388,300.0,0.1222222222222222,1234.93,1.875,512.2700000000001,0.5147928994082841,1.17659023668639,0.0,0.0,294.99999999999994
82.55796370967741,0.1899204612552533,2.756048387096774,300.0,0.1209753047827446,1234.93,1.7772177419354838,729.8500000000001,0.5212465855879294,1.3657546663631634,1.0,0.07,156.0
82.5,0.1896551724137931,2.75,300.0,0.1206896551724138,1234.93,1.75,512.2700000000001,0.5,1.375,1.0,0.03,330.0
82.415,0.1894700381018358,2.735,300.0,0.1212331139591271,1234.93,1.735,512.2700000000001,0.5123500000000001,1.39485,1.0,0.04,260.0
82.34,0.1879751209398756,2.72,300.0,0.1209398756046993,1234.93,1.72,542.2500000000001,0.5244000000000001,1.4144,1.0,0.02,235.0
82.25,0.1891891891891891,2.7125,300.0,0.1220575414123801,1234.93,1.7125,740.9300000000001,0.5303125000000001,1.4240625000000002,1.0,0.04,190.69999999999996
83.80952380952381,0.2,2.952380952380953,575.0,0.1225806451612903,1234.93,1.9047619047619049,512.2700000000001,0.5170068027210885,1.1247165532879817,0.0,0.0,280.0
81.96,0.1892782789729354,2.7275,300.0,0.121443442054129,1234.93,1.7275,512.2700000000001,0.5674999999999999,1.4046625,0.0,0.2719999999999999,214.9
82.38,0.1885359116022099,2.73,300.0,0.1208563535911602,1234.93,1.77,512.2700000000001,0.53,1.3942,1.0,0.03,300.0
82.125,0.1896551724137931,2.75,500.0,0.1206896551724138,1234.93,1.75,740.9300000000001,0.5,1.375,0.0,0.2299999999999997,500.0
81.95,0.1867007672634271,2.7375,673.0,0.1193520886615515,1234.93,1.7625,740.9300000000001,0.51875,1.3871875,1.0,0.43,252.554
82.525,0.1851851851851852,2.75,300.0,0.1178451178451178,1234.93,1.75,690.5300000000001,0.5,1.375,0.0,0.2699999999999999,171.99999999999997
85.0,0.142570281124498,2.9583333333333335,300.0,0.0943775100401606,1234.93,2.7916666666666665,634.32,0.986111111111111,1.045138888888889,1.0,0.04,-146.8
82.4375,0.1896551724137931,2.75,300.0,0.1206896551724138,1234.93,1.75,740.9300000000001,0.5,1.375,0.0,0.2299999999999997,179.99999999999997
82.25,0.1896551724137931,2.75,300.0,0.1206896551724138,1234.93,1.75,740.9300000000001,0.5,1.375,0.0,0.2299999999999997,250.0
82.41,0.1891238670694864,2.73875,300.0,0.120845921450151,1728.0,1.73875,1005.34,0.4981250000000001,1.389915625,1.0,0.16,227.99999999999997
82.495,0.1896551724137931,2.75,500.0,0.1206896551724138,1234.93,1.75,740.9300000000001,0.5,1.375,0.0,0.2299999999999997,229.99999999999997
83.17073170731707,0.195,2.853658536585366,300.0,0.1216666666666666,1234.93,1.829268292682927,512.2700000000001,0.5104104699583581,1.2528256989886974,2.0,0.39,250.0
82.2716049382716,0.1917808219178082,2.765432098765432,475.0,0.1232876712328767,1519.0,1.7530864197530864,796.34,0.5883249504648682,1.3656454808718184,1.0,0.0699999999999999,205.0
81.45679012345678,0.1892361111111111,2.691358024691358,575.0,0.125,1519.0,1.6790123456790125,796.34,0.66026520347508,1.4619722603261698,1.0,0.0699999999999999,260.0
83.17073170731707,0.195,2.853658536585366,300.0,0.1216666666666666,1234.93,1.829268292682927,512.2700000000001,0.5104104699583581,1.2528256989886974,0.0,0.0,100.0
82.75333333333333,0.1924476797088262,2.8200000000000003,300.0,0.1251137397634212,1234.93,2.18,740.9300000000001,0.7955555555555556,1.2352,1.0,0.03,78.0
82.375,0.1896551724137931,2.75,500.0,0.1206896551724138,1234.93,1.75,740.9300000000001,0.5,1.375,0.0,0.2299999999999997,199.99999999999997
82.03999999999999,0.1874569262577532,2.72,500.0,0.1206064782908339,1234.93,1.72,512.2700000000001,0.5244000000000001,1.4144,0.0,0.1079999999999999,350.0
83.93979057591623,0.2010619469026548,2.973821989528796,300.0,0.1228318584070796,1234.93,1.9267015706806283,740.9300000000001,0.5219155176667306,1.0898824045393494,0.0,0.0,100.0
82.4625,0.1892358116267034,2.7425,300.0,0.1207521131619803,1234.93,1.7575,729.8500000000001,0.5112500000000002,1.3823875,1.0,0.07,160.0
82.14,0.1894044321329639,2.735,423.15,0.121191135734072,1234.93,1.735,512.2700000000001,0.5450000000000002,1.39485,0.0,0.2719999999999999,358.0
82.87231384307846,0.1925351895348638,2.806096951524238,200.0,0.12133317331596,1234.93,1.804097951024488,512.2700000000001,0.5156254955980283,1.2999759490569558,0.0,0.0,199.99999999999997
82.5075,0.1882916809311879,2.75,300.0,0.1198219787743923,1234.93,1.75,690.5300000000001,0.5,1.375,0.0,0.2699999999999999,244.0
83.08666666666666,0.1924476797088262,2.8200000000000003,300.0,0.1251137397634213,1234.93,2.18,740.9300000000001,0.7955555555555556,1.2352,1.0,0.03,78.0
82.125,0.1896551724137931,2.75,300.0,0.1206896551724138,1234.93,1.75,740.9300000000001,0.5,1.375,0.0,0.2299999999999997,450.0
82.87231384307846,0.1925351895348638,2.806096951524238,0.0,0.12133317331596,1234.93,1.804097951024488,512.2700000000001,0.5156254955980283,1.2999759490569558,0.0,0.0,0.0
82.525,0.1851851851851852,2.75,300.0,0.1178451178451178,1234.93,1.75,690.5300000000001,0.5,1.375,0.0,0.2699999999999999,171.99999999999997
82.43142144638404,0.1897427071680578,2.7493765586034913,500.0,0.1208157645641511,1234.93,1.7468827930174562,512.2700000000001,0.5343188164252709,1.378116429624194,0.0,0.2499999999999999,250.0
82.4625,0.1913043478260869,2.75,300.0,0.1217391304347826,1234.93,1.75,846.57,0.5000000000000001,1.3750000000000002,0.0,0.2299999999999997,229.99999999999997
83.93364928909952,0.2009615384615384,2.971563981042654,300.0,0.1227564102564102,1234.93,1.919431279620853,512.2700000000001,0.5179128950382964,1.0984928460726398,0.0,0.0,188.0
82.525,0.1899345053429851,2.755,300.0,0.1206480523957256,1234.93,1.745,512.2700000000001,0.4974999999999999,1.3775,1.0,0.21,-227.99999999999997
82.3225,0.1927221338986045,2.7275,300.0,0.1236530648295354,1234.93,1.7275,846.57,0.5184124999999999,1.4046625,1.0,0.04,207.59999999999997
82.67901234567901,0.1930272108843537,2.802469135802469,475.0,0.1224489795918367,1519.0,1.7901234567901236,796.34,0.5523548239597623,1.3147386069196767,1.0,0.0699999999999999,239.99999999999997
85.0,0.209090909090909,3.136363636363636,300.0,0.1242424242424242,1234.93,2.0454545454545454,512.2700000000001,0.5206611570247931,0.9421487603305784,2.0,0.39,49.99999999999999
83.95287958115182,0.2010619469026548,2.9738219895287954,300.0,0.1228318584070796,1234.93,1.9267015706806283,512.2700000000001,0.5219155176667306,1.0898824045393494,0.0,0.0,150.0
82.525,0.1899345053429851,2.755,300.0,0.1206480523957256,1234.93,1.745,512.2700000000001,0.4974999999999999,1.3775,1.0,0.21,-179.99999999999997
82.46000000000001,0.1872863978127136,2.74,300.0,0.1196172248803827,1234.93,1.76,634.32,0.5149999999999999,1.3847999999999998,1.0,0.43,263.0
82.25,0.1891891891891891,2.7125,300.0,0.1220575414123801,1234.93,1.7125,740.9300000000001,0.5303125000000001,1.4240625000000002,1.0,0.04,205.0
82.50750000000001,0.1914375217542638,2.75,300.0,0.1228680821441002,1234.93,1.75,740.9300000000001,0.5225,1.375,1.0,0.43,209.99999999999997
83.16666666666667,0.1931818181818182,2.8333333333333335,725.0,0.125,1234.93,2.1666666666666665,740.9300000000001,0.7777777777777778,1.222222222222222,1.0,0.03,242.0
82.25,0.1891891891891891,2.7125,500.0,0.1220575414123801,1234.93,1.7125,740.9300000000001,0.5303125000000001,1.4240625000000002,1.0,0.04,209.99999999999997
77.5609756097561,0.1782820097244732,2.682926829268293,300.0,0.1150729335494327,1234.93,1.707317073170732,864.0600000000001,0.5234979179060084,1.439619274241523,0.0,0.1300000000000001,-150.0
81.6,0.1890243902439024,2.7125,300.0,0.1219512195121951,1234.93,1.7125,512.2700000000001,0.6125,1.4240625,0.0,0.2719999999999999,240.91
82.0,0.1896551724137931,2.75,500.0,0.1206896551724138,1234.93,1.75,740.9300000000001,0.5,1.375,0.0,0.2299999999999997,300.0
81.88,0.184981684981685,2.693333333333334,623.0,0.1153846153846153,1234.93,1.3866666666666667,634.32,0.4522666666666666,1.742222222222222,1.0,0.43,260.0
81.65333333333332,0.1860465116279069,2.6666666666666665,423.0,0.1162790697674418,1357.77,1.3333333333333333,635.11,0.4444444444444444,1.7777777777777777,1.0,0.42,239.99999999999997
82.34,0.1879751209398756,2.72,610.0,0.1209398756046993,1234.93,1.72,542.2500000000001,0.5244000000000001,1.4144,1.0,0.02,274.99999999999994
84.75,0.1459627329192546,2.9375,300.0,0.0962732919254658,1234.93,2.6875,634.32,0.96875,1.0703125,1.0,0.04,-104.0
82.5,0.1896551724137931,2.75,300.0,0.1206896551724138,1234.93,1.75,512.2700000000001,0.5,1.375,0.0,0.2299999999999997,100.0
83.63461538461539,0.1851851851851852,2.884615384615385,300.0,0.1209876543209876,1234.93,2.4230769230769234,690.5300000000001,0.893491124260355,1.142011834319527,0.0,0.2699999999999999,245.6
82.425,0.1888160165688643,2.735,300.0,0.1208146358301691,1234.93,1.765,729.8500000000001,0.5224999999999999,1.3895499999999998,1.0,0.07,199.99999999999997
82.5175,0.1865038996269921,2.75,300.0,0.1186842997626314,1234.93,1.75,690.5300000000001,0.5,1.375,0.0,0.2699999999999999,222.0
82.25,0.1891891891891891,2.7125,500.0,0.1220575414123801,1234.93,1.7125,740.9300000000001,0.5303125000000001,1.4240625000000002,1.0,0.04,215.0
81.45679012345678,0.1892361111111111,2.691358024691358,325.0,0.125,1519.0,1.6790123456790125,796.34,0.66026520347508,1.4619722603261698,1.0,0.0699999999999999,179.99999999999997
83.82203202722184,0.199897098982863,2.9518812421263165,318.0,0.1229174637098015,1234.93,1.9388547605750872,512.2700000000001,0.5440630177462694,1.1161970134886927,1.0,0.03,59.99999999999999
82.46000000000001,0.1872863978127136,2.74,623.0,0.1196172248803827,1234.93,1.76,634.32,0.5149999999999999,1.3847999999999998,1.0,0.43,260.0
84.5,0.1495726495726495,2.9166666666666665,300.0,0.0982905982905982,1234.93,2.5833333333333335,634.32,0.9444444444444444,1.0972222222222223,1.0,0.04,-6.799999999999999
81.72,0.1858736059479553,2.6666666666666665,300.0,0.1171003717472119,1234.93,1.3333333333333333,542.2500000000001,0.4622222222222222,1.7777777777777777,1.0,0.02,274.99999999999994
82.375,0.1882556131260794,2.7249999999999996,300.0,0.1208981001727115,1234.93,1.775,805.1800000000001,0.5375,1.405625,0.0,0.0399999999999999,229.99999999999997
81.9525,0.1892782789729354,2.7275,300.0,0.121443442054129,1799.0,1.7275,1076.34,0.5674999999999999,1.4046625,0.0,0.14,252.0
83.93979057591623,0.2010619469026548,2.973821989528796,750.0,0.1228318584070796,1234.93,1.9267015706806283,740.9300000000001,0.5219155176667306,1.0898824045393494,0.0,0.0,179.99999999999997
82.44999999999999,0.1913043478260869,2.75,300.0,0.1217391304347826,1234.93,1.75,846.57,0.5,1.375,0.0,0.2299999999999997,229.99999999999997
82.28999999999999,0.1844527787248551,2.705,300.0,0.1193317422434367,1234.93,1.705,1000.61,0.53615,1.43365,1.0,0.2599999999999999,245.0
82.3175,0.1895300621976502,2.7424999999999997,300.0,0.1209398756046993,1799.0,1.7425,1076.34,0.5224999999999999,1.3849625,0.0,0.14,250.0
82.15,0.1869369369369369,2.6975,300.0,0.12006237006237,1234.93,1.6975,512.2700000000001,0.516275,1.4431625,2.0,0.39,310.8
82.97297297297297,0.1934343434343434,2.8230958230958225,300.0,0.1213804713804713,1234.93,1.8058968058968057,512.2700000000001,0.5077120900216722,1.2901617275081652,0.0,0.0,254.0
82.03999999999999,0.1874569262577532,2.72,400.0,0.1206064782908339,1234.93,1.72,512.2700000000001,0.5244000000000001,1.4144,0.0,0.1079999999999999,330.0
82.525,0.1899345053429851,2.755,300.0,0.1206480523957256,1234.93,1.745,512.2700000000001,0.4974999999999999,1.3775,1.0,0.21,-199.99999999999997
82.3125,0.1896551724137931,2.75,300.0,0.1206896551724138,1234.93,1.75,740.9300000000001,0.5,1.375,0.0,0.2299999999999997,150.0
81.95,0.1867007672634271,2.7375,300.0,0.1193520886615515,1234.93,1.7625,740.9300000000001,0.51875,1.3871875,1.0,0.43,167.111
82.42,0.1888160165688643,2.735,300.0,0.1208146358301691,1234.93,1.735,542.2500000000001,0.5123500000000001,1.39485,1.0,0.02,250.0
81.9375,0.1882480957562568,2.703125,400.0,0.1207834602829162,2180.0,1.703125,1457.34,0.5703125,1.43603515625,0.0,0.0399999999999999,637.0
81.96,0.1892782789729354,2.7275,300.0,0.121443442054129,1234.93,1.7275,512.2700000000001,0.5674999999999999,1.4046625,0.0,0.2719999999999999,214.9
83.38942307692307,0.1979047307251596,2.90625,300.0,0.1224422982484858,1234.93,1.8677884615384617,512.2700000000001,0.5806675295857988,1.1876502403846154,0.0,0.2499999999999999,285.0
82.4875,0.1896551724137931,2.75,300.0,0.1206896551724138,1234.93,1.75,740.9300000000001,0.5,1.375,0.0,0.2299999999999997,229.99999999999997
82.44389027431423,0.189533482527113,2.7456359102244385,300.0,0.1208469616112928,1811.0,1.743142144638404,1088.34,0.5024968750194339,1.3830884136292687,0.0,0.1149999999999999,285.0
82.29426433915212,0.1889559965487489,2.7306733167082293,323.0,0.1211389128559102,1811.0,1.7281795511221945,1088.34,0.5099843906443369,1.4027897836456242,0.0,0.1149999999999999,280.0
82.5175,0.1865038996269921,2.75,300.0,0.1186842997626314,1234.93,1.75,690.5300000000001,0.5,1.375,0.0,0.2699999999999999,222.0
82.41,0.1888160165688643,2.735,300.0,0.1208146358301691,1234.93,1.765,512.2700000000001,0.5224999999999999,1.3895499999999998,1.0,0.03,330.0
82.475,0.1896551724137931,2.75,550.0,0.1206896551724138,1234.93,1.75,740.9300000000001,0.5,1.375,0.0,0.2299999999999997,323.99999999999994
83.50721153846153,0.197678221059516,2.90625,300.0,0.1221386527141922,1357.77,1.8677884615384617,635.11,0.5130131286982248,1.1876502403846154,1.0,0.03,229.99999999999997
82.135,0.1894044321329639,2.735,373.0,0.121191135734072,1799.0,1.735,1076.34,0.5450000000000002,1.39485,0.0,0.14,266.0
81.99501246882792,0.1893480892270448,2.7306733167082293,500.0,0.1213902818606259,1234.93,1.7281795511221945,512.2700000000001,0.7121473125167133,1.4027897836456242,0.0,0.2499999999999999,245.0
82.375,0.1896551724137931,2.75,300.0,0.1206896551724138,1234.93,1.75,740.9300000000001,0.5,1.375,0.0,0.2299999999999997,179.99999999999997
82.0625,0.1896551724137931,2.75,300.0,0.1206896551724138,1234.93,1.75,740.9300000000001,0.5,1.375,0.0,0.2299999999999997,500.0
82.44389027431423,0.189533482527113,2.7456359102244385,623.0,0.1208469616112928,1811.0,1.743142144638404,1088.34,0.5024968750194339,1.3830884136292687,0.0,0.1149999999999999,260.0
82.14,0.1894044321329639,2.735,300.0,0.121191135734072,1234.93,1.735,512.2700000000001,0.5450000000000002,1.39485,0.0,0.2719999999999999,358.0
81.328125,0.187018701870187,2.65625,300.0,0.1221122112211221,2183.0,1.65625,1460.34,0.6640625,1.494140625,2.0,0.2199999999999999,615.0
81.88557213930349,0.1883161512027491,2.726368159203981,673.0,0.1209621993127147,1234.93,1.7213930348258708,740.9300000000001,0.5218682705873617,1.41065815202594,1.0,0.19,320.0
79.45,0.1785714285714285,2.75,300.0,0.1136363636363636,1234.93,1.75,864.0600000000001,0.5,1.375,0.0,0.1300000000000001,49.99999999999999
83.69591999999999,0.1959459459459459,2.9,325.0,0.1283783783783783,1234.93,2.5,740.9300000000001,0.92,1.12,0.0,0.2299999999999997,75.0
82.0,0.1896551724137931,2.75,300.0,0.1206896551724138,1234.93,1.75,740.9300000000001,0.5,1.375,0.0,0.2299999999999997,250.0
82.37,0.18860103626943,2.73,303.0,0.1205526770293609,1234.93,1.74,512.2700000000001,0.50745,1.3996,1.0,0.42,179.9
82.4625,0.1896551724137931,2.75,900.0,0.1206896551724138,1234.93,1.75,740.9300000000001,0.5,1.375,0.0,0.2299999999999997,300.0
82.87231384307846,0.1925351895348638,2.806096951524238,150.0,0.12133317331596,1234.93,1.804097951024488,512.2700000000001,0.5156254955980283,1.2999759490569558,0.0,0.0,150.0
82.43,0.1879079354173823,2.735,300.0,0.1202335967021642,1234.93,1.735,1000.61,0.5123500000000001,1.39485,1.0,0.2599999999999999,250.0
82.5,0.1911381407471764,2.75,300.0,0.1225021720243266,1234.93,1.75,740.9300000000001,0.5187499999999999,1.375,1.0,0.43,189.99999999999997
82.38059701492539,0.1903126073514256,2.756218905472637,300.0,0.1209206458261765,1234.93,1.7512437810945276,864.0600000000001,0.4975124378109453,1.371253186802307,0.0,0.1300000000000001,254.99999999999997
82.27499999999999,0.1871324801106883,2.705,900.0,0.1210653753026634,1234.93,1.705,640.71,0.53615,1.43365,1.0,0.19,350.0
82.135,0.1894044321329639,2.735,300.0,0.121191135734072,1799.0,1.735,1076.34,0.5450000000000002,1.39485,0.0,0.14,254.99999999999997
82.56085192697769,0.1898804947934866,2.7555780933062883,300.0,0.1210427003983507,1234.93,1.7839756592292089,729.8500000000001,0.5276405169327995,1.365979699566754,1.0,0.07,121.0
82.475,0.1896551724137931,2.75,300.0,0.1206896551724138,1234.93,1.75,740.9300000000001,0.5,1.375,0.0,0.2299999999999997,239.99999999999997
82.25,0.1891891891891891,2.7125,300.0,0.1220575414123801,1234.93,1.7125,740.9300000000001,0.5303125000000001,1.4240625000000002,1.0,0.04,199.99999999999997
82.03999999999999,0.1874569262577532,2.72,300.0,0.1206064782908339,1234.93,1.72,512.2700000000001,0.5244000000000001,1.4144,0.0,0.1079999999999999,280.0
82.4625,0.1892358116267034,2.7425,673.0,0.1207521131619803,1234.93,1.7575,729.8500000000001,0.5112500000000002,1.3823875,1.0,0.07,310.0
81.9225,0.1878481894150417,2.6975,550.0,0.1218662952646239,1519.0,1.6975,796.34,0.5525000000000001,1.4431625,1.0,0.0699999999999999,133.0
82.415,0.1894700381018358,2.735,300.0,0.1212331139591271,1234.93,1.735,512.2700000000001,0.5123500000000001,1.39485,1.0,0.04,260.0
82.32,0.1895300621976502,2.7424999999999997,300.0,0.1209398756046993,1234.93,1.7425,512.2700000000001,0.5224999999999999,1.3849625,0.0,0.2719999999999999,227.57
81.65333333333332,0.1860465116279069,2.6666666666666665,573.0,0.1162790697674418,1357.77,1.3333333333333333,635.11,0.4444444444444444,1.7777777777777777,1.0,0.42,219.99999999999997
82.3225,0.1927221338986045,2.7275,300.0,0.1236530648295354,1234.93,1.7275,846.57,0.5184124999999999,1.4046625,1.0,0.04,207.59999999999997
83.36561743341403,0.1965346534653465,2.883777239709443,300.0,0.1219471947194719,1234.93,1.8523002421307504,512.2700000000001,0.5127660946596391,1.214956996875165,0.0,0.0,250.0
83.10513447432763,0.1944816053511705,2.8435207823960877,500.0,0.121571906354515,1234.93,1.821515892420538,512.2700000000001,0.5095497994392667,1.2653319862985035,0.0,0.0,300.0
82.44,0.189095928226363,2.74,300.0,0.1207729468599033,1234.93,1.76,512.2700000000001,0.5149999999999999,1.3847999999999998,1.0,0.03,314.99999999999994
82.5,0.1896551724137931,2.75,823.0,0.1206896551724138,1234.93,1.75,512.2700000000001,0.5,1.375,0.0,0.0,172.3
82.47,0.1878746360678198,2.7425,300.0,0.1198835417023462,1234.93,1.7575,634.32,0.5112500000000002,1.3823875,1.0,0.43,239.99999999999997
85.28985507246377,0.2117420596727622,3.1884057971014492,300.0,0.1241578440808469,1234.93,2.0289855072463765,512.2700000000001,0.4872925855912623,0.9409787859693342,0.0,0.0,250.0
82.44389027431423,0.189533482527113,2.7456359102244385,323.0,0.1208469616112928,1811.0,1.743142144638404,1088.34,0.5024968750194339,1.3830884136292687,0.0,0.1149999999999999,290.0
82.495,0.1896551724137931,2.75,700.0,0.1206896551724138,1234.93,1.75,740.9300000000001,0.5,1.375,0.0,0.2299999999999997,235.0
82.495,0.1896551724137931,2.75,300.0,0.1206896551724138,1234.93,1.75,740.9300000000001,0.5,1.375,0.0,0.2299999999999997,260.0
