MagpieData avg_dev NUnfilled,temperature_K,dopant_host_radius_mismatch,MagpieData avg_dev CovalentRadius,MagpieData mean NsValence,MagpieData mean NUnfilled,dopant_concentration,MagpieData avg_dev Number,frac s valence electrons,frac_Ag,dopant_host_charge_mismatch,target_value
0.50745,303.0,0.42,2.583150000000001,1.745,1.995,0.02,1.910200000000001,0.1205526770293609,0.255,1.0,0.62
0.8000000000000002,300.0,0.03,10.522777777777778,1.8333333333333333,2.35,0.1,7.661666666666666,0.1251422070534698,0.1666666666666666,1.0,0.8
0.5313251081557442,475.0,0.0699999999999999,2.347700688992129,1.7721518987341771,2.050632911392405,0.05,2.1339528921647184,0.1221640488656195,0.2278481012658227,1.0,0.88
0.5219155176667306,300.0,0.0,1.9878841040541624,1.8167539267015709,2.1099476439790577,0.7,1.389216304377621,0.1228318584070796,0.1832460732984293,0.0,0.8
0.53615,300.0,0.19,2.580249999999995,1.75,1.955,0.06,1.8011500000000007,0.1210653753026634,0.25,1.0,0.35
0.5,300.0,0.2299999999999997,2.837499999999994,1.75,2.0,0.15,2.5993750000000015,0.1206896551724138,0.25,0.0,0.5
0.51875,673.0,0.43,11.0875,1.75,2.0125,0.05,7.887499999999999,0.1193520886615515,0.25,1.0,0.405
0.5130131286982248,300.0,0.03,2.150286612426022,1.7956730769230769,2.0721153846153846,0.01,1.5816614275147924,0.1221386527141922,0.2019230769230769,1.0,0.75
0.5,507.0,0.2299999999999997,2.837499999999994,1.75,2.0,0.15,2.5993750000000015,0.1206896551724138,0.25,0.0,0.36
0.5691395609677934,575.0,0.0699999999999999,2.347700688992144,1.7721518987341771,2.075949367088607,0.1,2.6072744752443517,0.1230228471001757,0.2278481012658227,1.0,0.52
0.5224999999999999,300.0,0.14,2.685612499999999,1.75,2.0149999999999997,0.01,1.7923500000000006,0.1209398756046993,0.25,0.0,0.47
0.6122448979591836,700.0,0.42,5.66857142857143,1.5714285714285714,1.7142857142857142,0.2,4.615510204081635,0.1145833333333333,0.3999999999999999,1.0,0.585
0.5,300.0,0.2299999999999997,2.725000000000006,1.75,2.0,0.1,2.327499999999998,0.1206896551724138,0.25,0.0,0.45
0.5313251081557442,300.0,0.0699999999999999,2.347700688992129,1.7721518987341771,2.050632911392405,0.05,2.1339528921647184,0.1221640488656195,0.2278481012658227,1.0,0.88
0.5,300.0,0.2299999999999997,2.9312499999999946,1.75,2.0,0.1,2.9199999999999995,0.1217391304347826,0.25,0.0,0.5
0.5187499999999999,300.0,0.43,2.762500000000003,1.7625,1.9875,0.05,3.2228125000000016,0.1225021720243266,0.2375,1.0,0.5
0.5,300.0,0.2299999999999997,3.2750000000000004,1.75,2.0,0.1,3.489999999999998,0.1228070175438596,0.25,0.0,0.48
0.5313251081557442,575.0,0.0699999999999999,2.347700688992129,1.7721518987341771,2.050632911392405,0.05,2.1339528921647184,0.1221640488656195,0.2278481012658227,1.0,0.72
0.4522666666666666,623.0,0.43,3.1288888888888877,1.68,1.7066666666666668,0.04,2.4319999999999986,0.1153846153846153,0.32,1.0,0.27
0.5123500000000001,300.0,0.19,2.5272500000000027,1.75,1.985,0.02,1.7673500000000002,0.1208146358301691,0.25,1.0,0.4
0.6447684665918922,475.0,0.0699999999999999,2.347700688992144,1.7721518987341771,2.1265822784810124,0.2,3.5039256529402354,0.124777183600713,0.2278481012658227,1.0,0.82
0.5,300.0,0.2299999999999997,2.837499999999994,1.75,2.0,0.15,2.5993750000000015,0.1206896551724138,0.25,0.0,0.5
0.5234979179060084,300.0,0.1300000000000001,5.461035098155858,1.7317073170731707,1.975609756097561,0.3,7.362284354550862,0.1150729335494327,0.1951219512195122,0.0,0.4
0.5,300.0,0.1300000000000001,4.834999999999997,1.75,2.0,0.2,6.3199999999999985,0.1136363636363636,0.2,0.0,0.45
0.5691395609677934,475.0,0.0699999999999999,2.347700688992144,1.7721518987341771,2.075949367088607,0.1,2.6072744752443517,0.1230228471001757,0.2278481012658227,1.0,0.75
0.5691395609677934,375.0,0.0699999999999999,2.347700688992144,1.7721518987341771,2.075949367088607,0.1,2.6072744752443517,0.1230228471001757,0.2278481012658227,1.0,0.85
0.51875,300.0,0.07,2.5,1.75,2.0125,0.05,1.7559375000000013,0.1207937877480586,0.25,1.0,0.68
0.796875,573.0,0.1180000000000001,5.40625,1.78125,2.25,0.125,1.66796875,0.125,0.21875,2.0,0.71
0.6447684665918922,575.0,0.0699999999999999,2.347700688992144,1.7721518987341771,2.1265822784810124,0.2,3.5039256529402354,0.124777183600713,0.2278481012658227,1.0,0.68
0.5000000000000001,300.0,0.2299999999999997,2.8187500000000205,1.75,2.0,0.05,2.6537499999999956,0.1217391304347826,0.25,0.0,0.52
0.5450000000000002,300.0,0.14,2.8699499999999976,1.75,2.03,0.02,1.8344000000000011,0.121191135734072,0.25,0.0,0.46
0.5143421782544378,300.0,0.1079999999999999,2.323779585798824,1.7980769230769231,2.0697115384615383,0.01,1.5173354289940817,0.1222022545335729,0.2019230769230769,0.0,0.8
0.5218682705873617,323.0,0.19,11.049726491918518,1.7512437810945276,1.9701492537313432,0.04,7.469815103586545,0.1209621993127147,0.2487562189054726,1.0,0.49
0.6122448979591838,700.0,0.42,5.6559183673469375,1.5714285714285714,1.7142857142857142,0.1,4.192653061224489,0.1145833333333333,0.4142857142857142,1.0,0.67
0.5806675295857988,300.0,0.2499999999999999,2.388810558431945,1.7980769230769231,2.1225961538461537,0.01,1.505686020710062,0.1224422982484858,0.2019230769230769,0.0,0.85
0.6099999999999999,300.0,0.43,2.5750000000000055,1.8,2.15,0.05,2.975,0.1172638436482084,0.2,1.0,0.35
0.5234979179060084,300.0,0.1300000000000001,6.110648423557411,1.7317073170731707,1.975609756097561,0.4,8.647233789411063,0.1169686985172981,0.1707317073170731,0.0,0.38
0.5,300.0,0.43,2.5,1.75,2.0,0.0,1.75,0.1206896551724138,0.25,1.0,0.6
0.5,823.0,0.0,2.5,1.75,2.0,0.08,1.75,0.1206896551724138,0.25,0.0,1.79
0.6447684665918922,300.0,0.0699999999999999,2.347700688992144,1.7721518987341771,2.1265822784810124,0.2,3.5039256529402354,0.124777183600713,0.2278481012658227,1.0,1.05
0.5123500000000001,300.0,0.04,2.5048999999999957,1.75,1.985,0.02,2.0355500000000037,0.1212331139591271,0.25,1.0,0.55
0.5,510.0,0.2699999999999999,2.640937500000005,1.75,2.0,0.05,1.9500000000000008,0.1192504258943781,0.25,0.0,0.48
0.5112500000000002,300.0,0.43,2.5629625000000047,1.75,2.0075000000000003,0.03,1.866249999999999,0.1198835417023462,0.25,1.0,0.5
0.5303125000000001,300.0,0.04,2.8662499999999973,1.75,1.9625,0.05,3.252500000000001,0.1220575414123801,0.25,1.0,0.6
0.5219155176667306,500.0,0.0,1.9878841040541624,1.8167539267015709,2.1099476439790577,0.7,1.389216304377621,0.1228318584070796,0.1832460732984293,0.0,0.55
0.4974999999999999,300.0,0.21,2.502500000000002,1.75,1.995,0.02,1.7525000000000022,0.1206480523957256,0.25,1.0,2.41
0.5,300.0,0.1300000000000001,9.64375,1.75,2.0,0.9,15.57,0.1282051282051282,0.025,0.0,0.55
0.51875,300.0,0.43,11.0875,1.75,2.0125,0.05,7.887499999999999,0.1193520886615515,0.25,1.0,0.48
0.5,298.0,0.15,2.5487499999999876,1.75,2.0,0.03,2.0098,0.1210653753026634,0.25,0.0,0.5
0.893491124260355,300.0,0.2699999999999999,7.859467455621291,1.8846153846153848,2.5384615384615388,0.5,8.668639053254436,0.1209876543209876,0.1153846153846153,0.0,0.72
0.5303125000000001,300.0,0.04,2.8662499999999973,1.75,1.9625,0.05,3.252500000000001,0.1220575414123801,0.25,1.0,0.65
0.5,300.0,0.2299999999999997,2.6124999999999887,1.75,2.0,0.05,2.044375000000004,0.1206896551724138,0.25,0.0,0.49
0.53615,300.0,0.19,2.580249999999995,1.75,1.955,0.06,1.8011500000000007,0.1210653753026634,0.25,1.0,0.28
0.893491124260355,573.0,0.2699999999999999,7.859467455621291,1.8846153846153848,2.5384615384615388,0.5,8.668639053254436,0.1209876543209876,0.1153846153846153,0.0,0.82
0.6447684665918922,375.0,0.0699999999999999,2.347700688992144,1.7721518987341771,2.1265822784810124,0.2,3.5039256529402354,0.124777183600713,0.2278481012658227,1.0,1.08
0.6240000000000001,300.0,0.43,2.657600000000002,1.8,2.16,0.06,3.532800000000002,0.1162790697674418,0.2,1.0,0.35
0.5674999999999999,300.0,0.14,3.053012499999997,1.75,2.045,0.03,1.8761500000000015,0.121443442054129,0.25,0.0,0.47
0.5313251081557442,375.0,0.0699999999999999,2.347700688992129,1.7721518987341771,2.050632911392405,0.05,2.1339528921647184,0.1221640488656195,0.2278481012658227,1.0,0.98
0.5691395609677934,300.0,0.0699999999999999,2.347700688992144,1.7721518987341771,2.075949367088607,0.1,2.6072744752443517,0.1230228471001757,0.2278481012658227,1.0,0.78
0.52735,300.0,0.14,2.947500000000009,1.75,1.995,0.02,3.1184,0.122763942476324,0.25,0.0,0.55
0.5228807556080283,100.0,0.0,2.0408972845336346,1.8103896103896104,2.101298701298701,0.73,1.4262641254849031,0.1226464895301777,0.1896103896103896,0.0,0.54
0.5228807556080283,300.0,0.0,2.0408972845336346,1.8103896103896104,2.101298701298701,0.73,1.4262641254849031,0.1226464895301777,0.1896103896103896,0.0,0.45
0.5123500000000001,573.0,0.04,2.5048999999999957,1.75,1.985,0.02,2.0355500000000037,0.1212331139591271,0.25,1.0,0.69
0.5,300.0,0.2299999999999997,2.6124999999999887,1.75,2.0,0.05,2.044375000000004,0.1206896551724138,0.25,0.0,0.5
0.4974999999999999,300.0,0.21,2.502500000000002,1.75,1.995,0.02,1.7525000000000022,0.1206480523957256,0.25,1.0,2.62
0.5350999999999999,300.0,0.04,2.6502000000000043,1.75,2.01,0.02,2.2432000000000016,0.1216968011126564,0.25,1.0,0.58
0.5440630177462694,300.0,0.03,2.0917020049757147,1.8151226671169003,2.1237320934581865,0.013,1.7878290640811494,0.1229174637098015,0.1848773328830993,1.0,0.8200000000000001
0.52735,300.0,0.14,2.947500000000009,1.75,1.995,0.02,3.1184,0.122763942476324,0.25,0.0,0.31
0.5219155176667306,773.0,0.0,2.074230421315197,1.8167539267015709,2.1099476439790577,0.7,1.7362462651791308,0.1228318584070796,0.1832460732984293,0.0,0.65
0.515,300.0,0.43,2.777499999999998,1.76,1.99,0.04,3.0981249999999996,0.1221374045801526,0.24,1.0,0.45
0.5,300.0,0.2299999999999997,2.725000000000006,1.75,2.0,0.1,2.327499999999998,0.1206896551724138,0.25,0.0,0.44
0.5,300.0,0.2299999999999997,2.949999999999997,1.75,2.0,0.2,2.8599999999999968,0.1206896551724138,0.25,0.0,0.27
0.4974999999999999,300.0,0.21,2.502500000000002,1.75,1.995,0.02,1.7525000000000022,0.1206480523957256,0.25,1.0,3.25
0.5112500000000002,300.0,0.07,2.5,1.75,2.0075000000000003,0.03,1.7536375000000002,0.1207521131619803,0.25,1.0,0.68
0.5,424.0,0.2299999999999997,2.544999999999998,1.75,2.0,0.02,1.8691000000000015,0.1206896551724138,0.25,0.0,0.55
0.5156254955980283,300.0,0.0,2.367854678357979,1.7683658170914545,2.035732133933034,0.927,1.655935525490626,0.12133317331596,0.2316341829085457,0.0,0.2
0.5185185185185186,498.0,0.155,2.631903673220548,1.740740740740741,2.0,0.01,1.895454961133973,0.1206365503080082,0.2592592592592593,1.0,0.48
0.59375,300.0,0.155,2.8621874999999948,1.75,2.0625,0.05,2.272187500000002,0.1218450826805918,0.25,1.0,0.52
0.52625,300.0,0.07,2.5,1.75,2.0175,0.07,1.7581374999999992,0.1208354911099602,0.25,1.0,0.7
