temperature_K,MagpieData mean MeltingT,MagpieData mean NUnfilled,MagpieData avg_dev CovalentRadius,MagpieData mean GSvolume_pa,MagpieData mean Number,dopant_concentration,MagpieData mean NpUnfilled,MagpieData mean MendeleevNumber,dopant_host_radius_mismatch,dopant_host_charge_mismatch,target_value
625.0,871.409,1.9925,3.3527749999999994,29.107943229152003,49.022500000000015,0.03,1.7425000000000002,82.4775,0.14,0.0,17.9
300.0,896.0074999999999,2.0,2.5,29.35416666665,50.5,0.0,1.75,82.5,0.155,1.0,8.1
673.0,886.1122500000001,2.0,2.9312499999999946,29.02087760415125,49.6,0.1,1.75,82.44999999999999,0.2299999999999997,0.0,21.000000000000004
610.0,887.6729999999999,1.9625,2.8662499999999973,28.914166666651248,49.3375,0.05,1.7125,82.25,0.04,1.0,19.2
748.0,905.2458333333332,2.6666666666666665,9.666666666666666,27.566944444433332,41.833333333333336,0.02,2.5833333333333335,83.66666666666667,0.0,0.0,18.8
300.0,866.641780104712,2.1099476439790577,2.074230421315197,30.330549738202883,50.554973821989535,0.7,1.9267015706806283,83.93979057591623,0.0,0.0,4.000000000000001
300.0,722.6077437325905,2.0445682451253484,21.786112770695446,35.084280408534816,48.20612813370474,0.04,2.0445682451253484,75.56267409470752,0.0,0.0,0.0484999999999999
570.0,886.1122500000001,2.0,2.9312499999999946,29.02087760415125,49.6,0.1,1.75,82.44999999999999,0.2299999999999997,0.0,20.0
300.0,883.7026829268294,2.048780487804878,2.2807852468768792,29.857560975592683,50.63414634146343,0.9,1.829268292682927,83.17073170731707,0.0,0.0,2.0
757.0,880.173875,2.15,2.5234375,29.669166666649996,49.9,0.15,1.9375,82.8375,0.4600000000000001,1.0,10.8
300.0,890.0821249999999,2.025,2.5303124999999973,29.26291666665,50.474999999999994,0.05,1.775,82.375,0.0399999999999999,0.0,11.999999999999998
706.0,690.7078666666667,2.3433333333333337,10.5162,26.40361666666667,41.476666666666674,0.06,2.176666666666667,82.77333333333334,0.03,1.0,7.879999999999999
300.0,896.0074999999999,2.0,2.5,29.35416666665,50.5,0.0,1.75,82.5,0.03,1.0,11.000000000000002
300.0,899.0983249999999,1.99625,2.528124999999997,29.27451666665,50.41375,0.015,1.73875,82.41,0.16,1.0,13.14
300.0,887.9659999999999,1.995,2.5350000000000033,29.414429166650496,50.415,0.02,1.745,82.535,0.14,0.0,12.96
448.0,900.5473999999999,1.98,2.5350000000000037,29.14926666665,50.28,0.04,1.72,82.28999999999999,0.42,1.0,14.3
723.0,776.8142484472049,2.017391304347826,11.114386019057903,24.94372670807453,42.10434782608695,0.045,1.768944099378882,81.98012422360249,0.43,1.0,7.199999999999999
773.0,722.6077437325905,2.0445682451253484,21.786112770695446,35.084280408534816,48.20612813370474,0.04,2.0445682451253484,75.56267409470752,0.0,0.0,0.3441999999999999
585.0,886.1866666666666,1.653333333333333,3.1829333333333345,28.587288888866663,50.10666666666666,0.04,1.3333333333333333,81.72,0.02,1.0,17.3
300.0,881.9335,2.0,3.2750000000000004,28.908671874985,49.150000000000006,0.1,1.75,82.425,0.2299999999999997,0.0,11.000000000000002
425.0,899.412425,1.985,2.5262499999999957,29.200491666649995,50.335,0.03,1.7275,82.3425,0.03,1.0,14.75
723.0,776.8142484472049,2.017391304347826,11.114386019057903,24.94372670807453,42.10434782608695,0.045,1.768944099378882,81.98012422360249,0.43,1.0,7.31
300.0,893.0172499999999,2.0075000000000003,2.5,29.36710416665,50.4925,0.03,1.7575,82.4625,0.07,1.0,7.0
300.0,886.1122500000001,2.0,2.9312499999999946,29.02087760415125,49.6,0.1,1.75,82.44999999999999,0.2299999999999997,0.0,13.000000000000002
323.0,908.97275,2.0625,2.8621874999999948,29.16829166665,50.1375,0.05,1.7125,81.975,0.155,1.0,10.0
575.0,893.286172839506,2.0740740740740744,2.299039780521265,29.536842628051847,50.2962962962963,0.05,1.7901234567901236,82.67901234567901,0.0699999999999999,1.0,9.0
500.0,884.9060880195599,2.0440097799511,2.303274131551111,29.808329258336673,50.62102689486553,0.91,1.821515892420538,83.10513447432763,0.0,0.0,16.0
523.0,908.97275,2.0625,2.8621874999999948,29.16829166665,50.1375,0.05,1.7125,81.975,0.155,1.0,11.999999999999998
300.0,777.8878749999999,2.0125,11.0875,24.889375,41.8875,0.05,1.7625,81.95,0.43,1.0,3.5
300.0,893.1492499999999,2.0,2.6124999999999887,29.24362499998375,50.27499999999999,0.05,1.75,82.4875,0.2299999999999997,0.0,9.0
625.0,887.9659999999999,1.995,2.5350000000000033,29.414429166650496,50.415,0.02,1.745,82.535,0.14,0.0,17.9
543.0,891.3641000000001,1.955,2.5802499999999946,29.17319166665,50.455,0.06,1.705,82.27499999999999,0.19,1.0,18.3
300.0,885.9656,1.955,2.552499999999991,29.2593304597535,50.935,0.06,1.705,82.28999999999999,0.2599999999999999,1.0,11.0
470.0,893.1492499999999,2.0,2.6124999999999887,29.24362499998375,50.27499999999999,0.05,1.75,82.4875,0.2299999999999997,0.0,15.6
300.0,891.3641,1.955,2.580249999999995,29.17319166665,50.455,0.06,1.705,82.27499999999999,0.19,1.0,14.0
300.0,902.1599,2.02,2.690000000000002,29.18306666665,50.120000000000005,0.08,1.77,82.38,0.03,1.0,8.5
585.0,893.8964999999998,1.97,2.584999999999992,29.17816666665,50.290000000000006,0.04,1.72,82.34,0.02,1.0,17.3
750.0,866.641780104712,2.1099476439790577,2.074230421315197,30.330549738202883,50.554973821989535,0.7,1.9267015706806283,83.93979057591623,0.0,0.0,8.000000000000002
573.0,897.8897,1.97,3.190400000000009,29.37976666665,50.69,0.04,1.72,82.03999999999999,0.1079999999999999,0.0,18.93
325.0,900.8814814814816,2.0987654320987654,2.299039780521265,29.27668937134691,49.97530864197531,0.1,1.7530864197530864,82.2716049382716,0.0699999999999999,1.0,11.5
300.0,894.4596999999999,1.985,2.5272500000000027,29.293841666649996,50.485,0.02,1.735,82.42500000000001,0.19,1.0,12.0
300.0,890.291,2.0,2.725000000000006,29.133083333317497,50.05,0.1,1.75,82.475,0.2299999999999997,0.0,9.499999999999998
625.0,879.6084999999998,1.995,2.947500000000009,29.190017708318,49.515,0.02,1.745,82.485,0.14,0.0,17.9
600.0,887.7941499999998,1.9775,2.932149999999999,29.0647302083175,49.3075,0.03,1.7275,82.3225,0.04,1.0,17.21
323.0,895.0545333333333,1.6666666666666667,3.0975999999999986,28.54875555553333,50.093333333333334,0.04,1.3333333333333333,81.65333333333332,0.42,1.0,10.0
300.0,889.3128999999999,1.97,2.5350000000000037,29.290942528719,50.790000000000006,0.04,1.72,82.36,0.2599999999999999,1.0,12.0
300.0,888.9705000000001,2.0,2.8187500000000205,29.131419270817503,49.82500000000001,0.05,1.75,82.4625,0.2299999999999997,0.0,6.500000000000001
500.0,894.8642,2.0,2.544999999999998,29.3099499999835,50.41,0.01,1.75,82.49499999999999,0.2299999999999997,0.0,13.000000000000002
600.0,887.7941499999998,1.9775,2.932149999999999,29.0647302083175,49.3075,0.03,1.7275,82.3225,0.04,1.0,17.21
325.0,916.072098765432,2.148148148148148,2.299039780521265,28.756382857937034,49.333333333333336,0.2,1.6790123456790125,81.45679012345678,0.0699999999999999,1.0,7.0
425.0,899.0983249999999,1.99625,2.528124999999997,29.27451666665,50.41375,0.015,1.73875,82.41,0.16,1.0,11.38
475.0,916.072098765432,2.148148148148148,2.299039780521265,28.756382857937034,49.333333333333336,0.2,1.6790123456790125,81.45679012345678,0.0699999999999999,1.0,8.000000000000002
300.0,900.6218000000001,2.0149999999999997,2.6424999999999876,29.22584166665,50.215,0.06,1.765,82.41,0.03,1.0,11.9
523.0,908.97275,2.0625,2.8621874999999948,29.16829166665,50.1375,0.05,1.7125,81.975,0.155,1.0,11.999999999999998
300.0,902.72165,2.045,3.053012499999997,29.36020416665,50.41,0.03,1.7275,81.9525,0.14,0.0,12.499999999999998
450.0,915.9484375,2.046875,2.5,29.035885416649997,50.078125,1.0,1.703125,81.9375,0.0399999999999999,0.0,19.08
300.0,884.31345,1.99,2.777499999999998,29.08814166665125,49.475,0.04,1.75,82.4925,0.43,1.0,10.0
498.0,900.5473999999999,1.98,2.5350000000000037,29.14926666665,50.28,0.04,1.72,82.28999999999999,0.42,1.0,13.500000000000002
500.0,894.8642,2.0,2.544999999999998,29.3099499999835,50.41,0.01,1.75,82.49499999999999,0.2299999999999997,0.0,13.000000000000002
300.0,894.952,1.985,2.54250000000001,29.26616666665,50.395,0.02,1.735,82.42,0.02,1.0,15.67
475.0,900.8814814814816,2.0987654320987654,2.299039780521265,29.27668937134691,49.97530864197531,0.1,1.7530864197530864,82.2716049382716,0.0699999999999999,1.0,13.500000000000002
423.0,895.0545333333333,1.6666666666666667,3.0975999999999986,28.54875555553333,50.093333333333334,0.04,1.3333333333333333,81.65333333333332,0.42,1.0,14.0
585.0,893.8964999999998,1.97,2.584999999999992,29.17816666665,50.290000000000006,0.04,1.72,82.34,0.02,1.0,17.3
298.0,902.48915,2.0,2.5487499999999876,29.19430416665,50.32,0.03,1.7275,82.2975,0.15,0.0,4.0
523.0,901.2897,2.01,2.6502000000000043,29.236466666649996,50.16,0.02,1.72,82.20500000000001,0.04,1.0,14.999999999999998
570.0,881.9335,2.0,3.2750000000000004,28.908671874985,49.150000000000006,0.1,1.75,82.425,0.2299999999999997,0.0,22.000000000000004
600.0,915.9953125,2.0625,2.7900390625,29.06432291665,50.0625,1.0,1.703125,81.890625,0.2199999999999999,2.0,10.33
300.0,887.7941499999998,1.9775,2.932149999999999,29.0647302083175,49.3075,0.03,1.7275,82.3225,0.04,1.0,14.239999999999998
310.0,708.5094999999999,2.8,3.859999999999999,31.02016666665,63.7,0.08,2.75,84.9,0.04,1.0,18.7
570.0,888.9705000000001,2.0,2.8187500000000205,29.131419270817503,49.82500000000001,0.05,1.75,82.4625,0.2299999999999997,0.0,16.000000000000004
300.0,900.4836,2.03,2.8699499999999976,29.358191666649997,50.44,0.02,1.735,82.135,0.14,0.0,13.0
300.0,869.6347120418848,2.1099476439790577,1.9878841040541624,30.446300174502618,50.79057591623037,0.7,1.9267015706806283,83.95287958115182,0.0,0.0,5.999999999999999
560.0,887.6729999999999,1.9625,2.8662499999999973,28.914166666651248,49.3375,0.05,1.7125,82.25,0.04,1.0,14.0
425.0,896.7525874999999,1.9955,2.5156892499999968,29.319899166649996,50.491,0.009,1.74325,82.455,0.39,2.0,20.0
725.0,763.8516666666666,2.3333333333333335,5.5,29.436944444433333,47.666666666666664,0.0,2.1666666666666665,83.16666666666667,0.03,1.0,5.27
523.0,902.3623940149624,2.007481296758105,2.522372373306131,29.211820448861097,50.31670822942643,0.03,1.7281795511221945,82.29426433915212,0.1149999999999999,0.0,16.499999999999996
550.0,907.248625,2.075,2.4106249999999907,29.017731321822495,49.9,0.05,1.7125,81.925,0.32,1.0,14.0
623.0,902.3623940149624,2.007481296758105,2.522372373306131,29.211820448861097,50.31670822942643,0.03,1.7281795511221945,82.29426433915212,0.1149999999999999,0.0,16.0
300.0,887.43275,2.0,2.837499999999994,29.02254166665125,49.825,0.15,1.75,82.4625,0.2299999999999997,0.0,9.0
300.0,900.6218000000001,2.0149999999999997,2.6424999999999876,29.22584166665,50.215,0.06,1.765,82.41,0.03,1.0,11.5
623.0,897.8376059850374,2.002493765586035,2.5049595462714693,29.31571072317531,50.441396508728175,0.01,1.743142144638404,82.44389027431423,0.1149999999999999,0.0,14.0
300.0,899.412425,1.985,2.5262499999999957,29.200491666649995,50.335,0.03,1.7275,82.3425,0.03,1.0,16.189999999999998
300.0,891.0237499999998,2.0125,2.5,29.375729166649997,50.4875,0.05,1.7625,82.4375,0.07,1.0,2.9999999999999996
297.0,889.3128999999999,1.97,2.5350000000000037,29.290942528719,50.790000000000006,0.04,1.72,82.36,0.2599999999999999,1.0,12.199999999999998
300.0,887.6729999999999,1.9625,2.8662499999999973,28.914166666651248,49.3375,0.05,1.7125,82.25,0.04,1.0,12.0
323.0,897.8376059850374,2.002493765586035,2.5049595462714693,29.31571072317531,50.441396508728175,0.01,1.743142144638404,82.44389027431423,0.1149999999999999,0.0,10.0
543.0,891.3641,1.955,2.580249999999995,29.17319166665,50.455,0.06,1.705,82.27499999999999,0.19,1.0,18.3
425.0,901.802625,1.965,2.6188250000000086,29.087641666649997,50.43,0.07,1.6975,82.15,0.39,2.0,13.1
300.0,894.4596999999999,1.985,2.5272500000000027,29.293841666649996,50.485,0.02,1.735,82.42500000000001,0.19,1.0,10.0
425.0,889.943675,2.015000000000001,2.6275000000000293,29.1273166666505,50.080000000000005,0.03,1.7650000000000003,82.40250000000002,0.42,1.0,14.1
300.0,877.6950721153845,2.0721153846153846,2.150286612426022,30.09872596152115,50.65865384615385,0.01,1.8677884615384617,83.50721153846153,0.03,1.0,13.000000000000002
300.0,887.7119749999999,2.035,2.541912500000004,29.226416666649996,50.465,0.07,1.785,82.325,0.0399999999999999,0.0,12.5
300.0,887.6729999999999,1.9625,2.8662499999999973,28.914166666651248,49.3375,0.05,1.7125,82.25,0.04,1.0,10.0
300.0,776.8142484472049,2.017391304347826,11.114386019057903,24.94372670807453,42.10434782608695,0.045,1.768944099378882,81.98012422360249,0.43,1.0,4.199999999999999
757.0,880.173875,2.15,2.5234375,29.669166666649996,49.9,0.15,1.9375,82.8375,0.4600000000000001,1.0,10.8
575.0,900.8814814814816,2.0987654320987654,2.299039780521265,29.27668937134691,49.97530864197531,0.1,1.7530864197530864,82.2716049382716,0.0699999999999999,1.0,11.5
300.0,892.6602,1.985,2.517500000000002,29.322554597684498,50.645,0.02,1.735,82.43,0.2599999999999999,1.0,10.0
425.0,900.8919625,1.9705,2.600639250000005,29.129524166649997,50.441,0.059,1.70575,82.205,0.39,2.0,20.6
523.0,776.9714392991239,2.013767209011264,11.109005155067116,24.87239048811014,41.95369211514393,0.06,1.7634543178973716,81.93617021276596,0.43,1.0,7.499999999999999
300.0,877.056201923077,2.0697115384615383,2.323779585798824,30.154134615367305,50.75721153846154,0.01,1.8677884615384617,83.44711538461537,0.1079999999999999,0.0,17.0
575.0,916.072098765432,2.148148148148148,2.299039780521265,28.756382857937034,49.333333333333336,0.2,1.6790123456790125,81.45679012345678,0.0699999999999999,1.0,8.000000000000002
570.0,889.3128999999999,1.97,2.5350000000000037,29.290942528719,50.790000000000006,0.04,1.72,82.36,0.2599999999999999,1.0,18.6
500.0,883.7026829268294,2.048780487804878,2.2807852468768792,29.857560975592683,50.63414634146343,0.9,1.829268292682927,83.17073170731707,0.0,0.0,12.0
425.0,897.4148874999998,1.9915,2.5295332499999965,29.28943916665,50.483,0.017,1.73725,82.41499999999999,0.39,2.0,19.700000000000003
523.0,900.4836,2.03,2.8699499999999976,29.358191666649997,50.44,0.02,1.735,82.135,0.14,0.0,17.7
623.0,899.0983249999999,1.99625,2.528124999999997,29.27451666665,50.41375,0.015,1.73875,82.41,0.16,1.0,13.099999999999998
323.0,902.3623940149624,2.007481296758105,2.522372373306131,29.211820448861097,50.31670822942643,0.03,1.7281795511221945,82.29426433915212,0.1149999999999999,0.0,12.0
550.0,887.43275,2.0,2.837499999999994,29.02254166665125,49.825,0.15,1.75,82.4625,0.2299999999999997,0.0,14.5
300.0,892.4522749999999,2.015,2.51841249999999,29.299416666649996,50.485,0.03,1.765,82.425,0.0399999999999999,0.0,11.5
550.0,887.43275,2.0,2.837499999999994,29.02254166665125,49.825,0.15,1.75,82.4625,0.2299999999999997,0.0,14.5
673.0,777.1660696517413,1.9701492537313432,11.049726491918518,24.817363184079607,41.43283582089553,0.04,1.7213930348258708,81.88557213930349,0.19,1.0,7.84
600.0,892.4799249437078,2.0110082561921443,2.483921985772527,29.402267116987737,50.5028771578684,0.03,1.7633224918689017,82.514385789342,0.07,1.0,13.8
300.0,882.7538000000001,1.985,2.747499999999993,29.120941666651248,49.3,0.06,1.75,82.50750000000001,0.43,1.0,8.0
573.0,895.0545333333333,1.6666666666666667,3.0975999999999986,28.54875555553333,50.093333333333334,0.04,1.3333333333333333,81.65333333333332,0.42,1.0,11.000000000000002
610.0,887.6729999999999,1.9625,2.8662499999999973,28.914166666651248,49.3375,0.05,1.7125,82.25,0.04,1.0,18.999999999999996
325.0,893.286172839506,2.0740740740740744,2.299039780521265,29.536842628051847,50.2962962962963,0.05,1.7901234567901236,82.67901234567901,0.0699999999999999,1.0,7.0
