dopant_host_charge_mismatch,dopant_concentration,temperature_K,MagpieData avg_dev NUnfilled,MagpieData mean GSvolume_pa,MagpieData maximum MendeleevNumber,MagpieData maximum Electronegativity,MagpieData mean SpaceGroupNumber,frac_Sb,frac s valence electrons,dopant_host_radius_mismatch,target_value
0.0,0.78,300.0,0.5179128950382964,30.43014218007725,90.0,2.1,169.54028436018956,0.2890995260663506,0.1227564102564102,0.0,348.0
0.0,0.81,300.0,0.516504234995244,30.290071599027925,90.0,2.1,170.08830548926016,0.2840095465393795,0.1224919093851132,0.0,263.0
0.0,0.84,300.0,0.5147928994082841,30.147980769213454,90.0,2.1,170.64423076923077,0.2788461538461538,0.1222222222222222,0.0,269.0
0.0,0.87,300.0,0.5127660946596391,30.00382566584237,90.0,2.1,171.20823244552057,0.2736077481840193,0.1219471947194719,0.0,279.0
0.0,0.9,300.0,0.5104104699583581,29.857560975592683,90.0,2.1,171.78048780487805,0.2682926829268293,0.1216666666666666,0.0,233.0
0.0,0.93,300.0,0.5077120900216722,29.709140049123093,90.0,2.1,172.36117936117935,0.2628992628992629,0.1213804713804713,0.0,189.0
0.0,0.9,300.0,0.5104104699583581,29.857560975592683,90.0,2.1,171.78048780487805,0.2682926829268293,0.1216666666666666,0.0,250.0
0.0,0.9,500.0,0.5104104699583581,29.857560975592683,90.0,2.1,171.78048780487805,0.2682926829268293,0.1216666666666666,0.0,200.0
2.0,0.009,300.0,0.50222975,29.319899166649996,90.0,2.1,173.88275,0.24775,0.1206093437305914,0.39,1378.69
2.0,0.017,300.0,0.5041777500000001,29.28943916665,90.0,2.1,174.00074999999998,0.24575,0.1205378719878478,0.39,1932.79
2.0,0.059,300.0,0.5138797500000001,29.129524166649997,90.0,2.1,174.62025,0.23525,0.1201613461671629,0.39,242.97
2.0,0.07,300.0,0.516275,29.087641666649997,90.0,2.1,174.7825,0.2325,0.12006237006237,0.39,135.77
0.0,0.9,300.0,0.5,32.3986666666425,90.0,2.1,159.25,0.15,0.1282051282051282,0.1300000000000001,20.0
0.0,0.2,300.0,0.5,30.138833333315,90.0,2.1,158.55,0.15,0.1136363636363636,0.1300000000000001,10.0
0.0,0.3,300.0,0.5234979179060084,30.1169918699,90.0,2.1,160.2682926829268,0.1463414634146341,0.1150729335494327,0.1300000000000001,10.0
0.0,0.4,300.0,0.5234979179060084,30.431951219492685,90.0,2.1,160.3658536585366,0.1463414634146341,0.1169686985172981,0.1300000000000001,10.0
1.0,0.0,300.0,0.5,29.35416666665,90.0,2.1,173.75,0.25,0.1206896551724138,0.43,200.0
1.0,0.03,300.0,0.5112500000000002,29.328291666649996,90.0,2.33,174.1925,0.2425,0.1198835417023462,0.43,166.66666666666666
0.0,0.2,300.0,0.5,28.911999999985,90.0,2.55,166.85,0.25,0.1206896551724138,0.2299999999999997,140.0
0.0,0.01,298.0,0.5224999999999999,29.35617916665,90.0,2.1,173.82,0.2475,0.1209398756046993,0.14,209.0
0.0,0.02,525.0,0.5450000000000002,29.358191666649997,90.0,2.1,173.89,0.245,0.121191135734072,0.14,292.0
0.0,0.01,300.0,0.5224999999999999,29.35617916665,90.0,2.1,173.82,0.2475,0.1209398756046993,0.14,200.0
0.0,0.02,300.0,0.5450000000000002,29.358191666649997,90.0,2.1,173.89,0.245,0.121191135734072,0.14,210.0
0.0,0.03,300.0,0.5674999999999999,29.36020416665,90.0,2.1,173.95999999999998,0.2425,0.121443442054129,0.14,205.0
1.0,1.0,300.0,0.9963110183305216,31.943333333315508,90.0,2.33,176.3475935828877,0.0106951871657754,0.1012345679012345,0.04,1000.0
1.0,1.0,700.0,0.9963110183305216,31.943333333315508,90.0,2.33,176.3475935828877,0.0106951871657754,0.1012345679012345,0.04,200.0
0.0,0.1,300.0,0.5,29.02087760415125,90.0,2.58,169.275,0.25,0.1217391304347826,0.2299999999999997,244.0
0.0,0.05,300.0,0.5000000000000001,29.131419270817503,90.0,2.58,171.00000000000003,0.25,0.1217391304347826,0.2299999999999997,110.0
0.0,0.1,300.0,0.5,29.02087760415125,90.0,2.58,169.275,0.25,0.1217391304347826,0.2299999999999997,240.0
0.0,0.1,300.0,0.5,28.908671874985,90.0,2.58,168.25,0.25,0.1228070175438596,0.2299999999999997,190.0
0.0,0.04,300.0,0.5244000000000001,29.37976666665,90.0,2.1,174.34,0.24,0.1206064782908339,0.1079999999999999,278.0
0.0,0.02,300.0,0.5123500000000001,29.366966666649997,90.0,2.1,174.04500000000002,0.245,0.1206480523957256,0.1079999999999999,180.0
0.0,0.02,400.0,0.5123500000000001,29.366966666649997,90.0,2.1,174.04500000000002,0.245,0.1206480523957256,0.1079999999999999,200.0
0.0,0.02,500.0,0.5123500000000001,29.366966666649997,90.0,2.1,174.04500000000002,0.245,0.1206480523957256,0.1079999999999999,210.0
0.0,0.04,300.0,0.5244000000000001,29.37976666665,90.0,2.1,174.34,0.24,0.1206064782908339,0.1079999999999999,280.0
0.0,0.04,400.0,0.5244000000000001,29.37976666665,90.0,2.1,174.34,0.24,0.1206064782908339,0.1079999999999999,250.0
0.0,0.04,500.0,0.5244000000000001,29.37976666665,90.0,2.1,174.34,0.24,0.1206064782908339,0.1079999999999999,260.0
1.0,0.06,573.0,0.53615,29.17319166665,90.0,2.1,174.17,0.235,0.1210653753026634,0.19,251.0
1.0,0.04,623.0,0.5149999999999999,29.31966666665,90.0,2.33,174.34,0.24,0.1196172248803827,0.43,276.0
1.0,0.04,300.0,0.5149999999999999,29.31966666665,90.0,2.33,174.34,0.24,0.1196172248803827,0.43,186.0
1.0,0.04,300.0,0.4522666666666666,28.77595555553333,90.0,2.33,176.33333333333334,0.0,0.1153846153846153,0.43,186.0
1.0,0.04,623.0,0.4522666666666666,28.77595555553333,90.0,2.33,176.33333333333334,0.0,0.1153846153846153,0.43,276.0
1.0,0.03,300.0,0.5184124999999999,29.289141666649996,90.0,2.1,173.95999999999998,0.2425,0.1215066828675577,0.04,335.7
1.0,0.07,300.0,0.5525000000000001,28.98539942527075,90.0,2.1,174.6425,0.2325,0.1218662952646239,0.0699999999999999,1217.0
1.0,0.03,300.0,0.507275,29.200491666649995,90.0,2.1,174.1925,0.2425,0.1204215618521078,0.03,268.0
1.0,0.02,300.0,0.5123500000000001,29.26616666665,90.0,2.1,173.89,0.245,0.1208146358301691,0.02,130.0
1.0,0.015,300.0,0.4981250000000001,29.27451666665,90.0,2.1,173.97125,0.24625,0.120845921450151,0.16,165.0
0.0,0.005,300.0,0.5343188164252709,29.374738154596756,90.0,2.1,173.73067331670822,0.2481296758104738,0.1208157645641511,0.2499999999999999,170.0
0.0,0.005,500.0,0.5343188164252709,29.374738154596756,90.0,2.1,173.73067331670822,0.2481296758104738,0.1208157645641511,0.2499999999999999,180.0
0.0,0.01,300.0,0.5698845156435596,29.381820448861095,90.0,2.1,173.76558603491273,0.2468827930174563,0.1209302325581395,0.2499999999999999,160.0
0.0,0.01,500.0,0.5698845156435596,29.381820448861095,90.0,2.1,173.76558603491273,0.2468827930174563,0.1209302325581395,0.2499999999999999,170.0
0.0,0.03,300.0,0.7121473125167133,29.410149625918457,90.0,2.1,173.90523690773065,0.2418952618453865,0.1213902818606259,0.2499999999999999,150.0
0.0,0.03,500.0,0.7121473125167133,29.410149625918457,90.0,2.1,173.90523690773065,0.2418952618453865,0.1213902818606259,0.2499999999999999,160.0
0.0,0.01,300.0,0.5224999999999999,29.36751041665,90.0,2.1,173.82,0.2475,0.1209398756046993,0.2719999999999999,193.7
0.0,0.02,300.0,0.5450000000000002,29.380854166649996,90.0,2.1,173.89,0.245,0.121191135734072,0.2719999999999999,38.3
0.0,0.03,300.0,0.5674999999999999,29.394197916649997,90.0,2.1,173.95999999999998,0.2425,0.121443442054129,0.2719999999999999,60.6
0.0,0.05,300.0,0.6125,29.42088541665,90.0,2.1,174.1,0.2375,0.1219512195121951,0.2719999999999999,61.4
0.0,0.01,300.0,0.5224999999999999,29.36751041665,90.0,2.1,173.82,0.2475,0.1209398756046993,0.2719999999999999,193.64833462432225
0.0,0.02,300.0,0.5450000000000002,29.380854166649996,90.0,2.1,173.89,0.245,0.121191135734072,0.2719999999999999,38.306837770542046
0.0,0.03,300.0,0.5674999999999999,29.394197916649997,90.0,2.1,173.95999999999998,0.2425,0.121443442054129,0.2719999999999999,60.62443164595334
0.0,0.05,300.0,0.6125,29.42088541665,90.0,2.1,174.1,0.2375,0.1219512195121951,0.2719999999999999,61.3986615091791
1.0,0.05,300.0,0.51875,24.889375,89.0,2.55,105.4875,0.2375,0.1193520886615515,0.43,105.0
1.0,0.045,300.0,0.5228193356737779,24.94372670807453,89.0,2.55,104.8335403726708,0.2372670807453415,0.1188669701568032,0.43,150.0
0.0,0.03,523.0,0.5099843906443369,29.211820448861097,90.0,2.1,174.16708229426433,0.2418952618453865,0.1211389128559102,0.1149999999999999,264.0
0.0,0.01,323.0,0.5024968750194339,29.31571072317531,90.0,2.1,173.85286783042395,0.2468827930174563,0.1208469616112928,0.1149999999999999,120.0
0.0,0.01,623.0,0.5024968750194339,29.31571072317531,90.0,2.1,173.85286783042395,0.2468827930174563,0.1208469616112928,0.1149999999999999,200.0
0.0,0.03,323.0,0.5099843906443369,29.211820448861097,90.0,2.1,174.16708229426433,0.2418952618453865,0.1211389128559102,0.1149999999999999,150.0
0.0,0.03,623.0,0.5099843906443369,29.211820448861097,90.0,2.1,174.16708229426433,0.2418952618453865,0.1211389128559102,0.1149999999999999,250.0
0.0,0.03,300.0,0.5,29.364591666649996,90.0,2.1,172.595,0.2425,0.1198219787743923,0.2699999999999999,110.0
0.0,0.05,300.0,0.5,29.371541666649996,90.0,2.1,171.825,0.2375,0.1192504258943781,0.2699999999999999,202.0
0.0,0.07,300.0,0.5,29.37849166665,90.0,2.1,171.055,0.2325,0.1186842997626314,0.2699999999999999,126.0
0.0,0.1,300.0,0.5,29.388916666649997,90.0,2.1,169.9,0.225,0.1178451178451178,0.2699999999999999,85.0
0.0,0.0,300.0,0.5,29.35416666665,90.0,2.1,173.75,0.25,0.1206896551724138,0.2699999999999999,360.0
0.0,0.03,300.0,0.5,29.364591666649996,90.0,2.1,172.595,0.2425,0.1198219787743923,0.2699999999999999,110.0
0.0,0.05,300.0,0.5,29.371541666649996,90.0,2.1,171.825,0.2375,0.1192504258943781,0.2699999999999999,202.0
0.0,0.07,300.0,0.5,29.37849166665,90.0,2.1,171.055,0.2325,0.1186842997626314,0.2699999999999999,126.0
0.0,0.1,300.0,0.5,29.388916666649997,90.0,2.1,169.9,0.225,0.1178451178451178,0.2699999999999999,85.0
0.0,0.02,620.0,0.4975124378109453,29.445323383067663,90.0,2.1,173.6616915422886,0.2487562189054726,0.1211286992429456,0.1300000000000001,250.0
0.0,0.01,300.0,0.5,29.38644999998325,90.0,2.1,173.76,0.25,0.1208981001727115,0.1300000000000001,120.0
0.0,0.02,300.0,0.5,29.418733333316496,90.0,2.1,173.77,0.25,0.1211072664359861,0.1300000000000001,100.0
0.0,0.01,300.0,0.4975124378109453,29.41320066333309,90.0,2.1,173.65174129353233,0.2487562189054726,0.1209206458261765,0.1300000000000001,180.0
0.0,0.02,300.0,0.4975124378109453,29.445323383067663,90.0,2.1,173.6616915422886,0.2487562189054726,0.1211286992429456,0.1300000000000001,220.0
0.0,0.5,300.0,0.893491124260355,29.181282051265377,90.0,2.1,172.80769230769232,0.0576923076923076,0.1209876543209876,0.2699999999999999,274.0
1.0,0.04,300.0,0.5149999999999999,29.268616666649997,90.0,2.1,174.34,0.24,0.1207729468599033,0.03,188.0
1.0,0.0,300.0,0.5,29.35416666665,90.0,2.1,173.75,0.25,0.1206896551724138,0.03,119.0
1.0,0.04,300.0,0.5149999999999999,29.268616666649997,90.0,2.1,174.34,0.24,0.1207729468599033,0.03,188.0
1.0,0.06,300.0,0.5224999999999999,29.22584166665,90.0,2.1,174.635,0.235,0.1208146358301691,0.03,130.0
1.0,0.08,300.0,0.53,29.18306666665,90.0,2.1,174.93,0.23,0.1208563535911602,0.03,120.0
0.0,0.03,298.0,0.5,29.19430416665,90.0,2.1,173.95999999999998,0.2425,0.1210653753026634,0.15,325.0
0.0,0.03,298.0,0.5,29.19430416665,90.0,2.1,173.95999999999998,0.2425,0.1210653753026634,0.15,325.0
0.0,0.03,300.0,0.5225000000000001,29.299416666649996,90.0,2.1,173.5475,0.2425,0.1208146358301691,0.0399999999999999,270.0
0.0,0.05,300.0,0.5375,29.26291666665,90.0,2.1,173.4125,0.2375,0.1208981001727115,0.0399999999999999,230.0
0.0,0.07,300.0,0.5525000000000001,29.226416666649996,90.0,2.1,173.2775,0.2325,0.1209816799170411,0.0399999999999999,210.0
0.0,0.03,300.0,0.5225000000000001,29.299416666649996,90.0,2.1,173.5475,0.2425,0.1208146358301691,0.0399999999999999,270.0
0.0,0.05,300.0,0.5375,29.26291666665,90.0,2.1,173.4125,0.2375,0.1208981001727115,0.0399999999999999,230.0
0.0,0.07,300.0,0.5525000000000001,29.226416666649996,90.0,2.1,173.2775,0.2325,0.1209816799170411,0.0399999999999999,210.0
1.0,0.01,300.0,0.50375,29.35847916665,90.0,2.1,173.6875,0.2475,0.120710467321952,0.07,70.0
1.0,0.03,300.0,0.5118412239251995,29.402267116987737,90.0,2.1,173.43932949712286,0.2451838879159369,0.1208252829147115,0.07,209.0
1.0,0.03,543.0,0.5118412239251995,29.402267116987737,90.0,2.1,173.43932949712286,0.2451838879159369,0.1208252829147115,0.07,300.0
1.0,0.05,300.0,0.5212465855879294,29.464317876327367,90.0,2.1,173.0992943548387,0.2419354838709677,0.1209753047827446,0.07,145.0
1.0,0.07,300.0,0.5276405169327995,29.489056795115108,90.0,2.1,172.92697768762676,0.2383367139959432,0.1210427003983507,0.07,101.6
1.0,0.03,543.0,0.5112500000000002,29.36710416665,90.0,2.1,173.5625,0.2425,0.1207521131619803,0.07,300.0
1.0,0.01,300.0,0.50375,29.35847916665,90.0,2.1,173.6875,0.2475,0.120710467321952,0.07,70.0
1.0,0.03,300.0,0.5112500000000002,29.36710416665,90.0,2.1,173.5625,0.2425,0.1207521131619803,0.07,280.0
1.0,0.05,300.0,0.51875,29.375729166649997,90.0,2.1,173.4375,0.2375,0.1207937877480586,0.07,120.0
1.0,0.07,300.0,0.52625,29.38435416665,90.0,2.1,173.3125,0.2325,0.1208354911099602,0.07,110.0
0.0,0.0,336.0,0.5,29.35416666665,90.0,2.1,173.75,0.25,0.1206896551724138,0.2299999999999997,330.0
1.0,0.02,303.0,0.50745,29.23524166665,90.0,2.1,174.34,0.24,0.1205526770293609,0.42,270.7
1.0,0.04,323.0,0.5218682705873617,24.817363184079607,89.0,2.55,104.5771144278607,0.2388059701492537,0.1209621993127147,0.19,90.0
0.0,0.25,300.0,0.4733727810650888,32.359743589723074,90.0,2.1,161.92307692307693,0.3076923076923077,0.1256281407035175,0.0,15.384615384615383
0.0,0.3,300.0,0.477502295684114,32.116868686848484,90.0,2.1,162.87878787878788,0.303030303030303,0.125248508946322,0.0,45.45454545454546
0.0,0.35,300.0,0.4811762085096903,31.881243781074623,90.0,2.1,163.80597014925374,0.2985074626865671,0.1248770894788594,0.0,55.55555555555555
0.0,0.4,300.0,0.4844290657439447,31.652549019588236,90.0,2.1,164.7058823529412,0.2941176470588235,0.1245136186770428,0.0,83.33333333333333
0.0,0.45,300.0,0.4872925855912623,31.430483091768114,90.0,2.1,165.57971014492753,0.2898550724637681,0.1241578440808469,0.0,100.0
1.0,0.03,300.0,0.946527777777778,32.477458333316754,95.0,2.96,152.79666666666668,0.0666666666666666,0.1271912846319747,0.2499999999999997,1443.0
1.0,0.03,300.0,0.8778125000000001,31.70410416665013,95.0,2.96,155.945,0.1,0.1241413556236034,0.2499999999999997,685.0
1.0,0.02,300.0,0.875,30.39541666665,90.0,2.33,181.125,0.125,0.1027397260273972,0.04,81.36
1.0,0.04,300.0,0.9444444444444444,30.742499999983337,90.0,2.33,183.58333333333337,0.0833333333333333,0.0982905982905982,0.04,145.58
1.0,0.06,300.0,0.96875,30.91604166665,90.0,2.33,184.8125,0.0625,0.0962732919254658,0.04,66.17
1.0,0.08,300.0,0.98,31.02016666665,90.0,2.33,185.55,0.05,0.0951219512195122,0.04,205.94
1.0,0.1,300.0,0.986111111111111,31.089583333316664,90.0,2.33,186.04166666666663,0.0416666666666666,0.0943775100401606,0.04,156.06
1.0,0.02,300.0,0.875,30.39541666665,90.0,2.33,181.125,0.125,0.1027397260273972,0.04,81.36
1.0,0.04,300.0,0.9444444444444444,30.742499999983337,90.0,2.33,183.58333333333337,0.0833333333333333,0.0982905982905982,0.04,145.58
1.0,0.06,300.0,0.96875,30.91604166665,90.0,2.33,184.8125,0.0625,0.0962732919254658,0.04,66.17
1.0,0.08,300.0,0.98,31.02016666665,90.0,2.33,185.55,0.05,0.0951219512195122,0.04,205.94
1.0,0.1,300.0,0.986111111111111,31.089583333316664,90.0,2.33,186.04166666666663,0.0416666666666666,0.0943775100401606,0.04,156.06
0.0,0.15,300.0,0.5,29.02254166665125,90.0,2.55,168.57500000000002,0.25,0.1206896551724138,0.2299999999999997,340.0
1.0,0.05,300.0,0.5303125000000001,28.914166666651248,90.0,2.55,168.92499999999998,0.2375,0.1220575414123801,0.04,293.0
0.0,0.15,300.0,0.5,29.02254166665125,90.0,2.55,168.57500000000002,0.25,0.1206896551724138,0.2299999999999997,220.0
1.0,0.04,300.0,0.515,29.08814166665125,90.0,2.55,168.265,0.25,0.1221374045801526,0.43,200.0
1.0,0.05,300.0,0.5187499999999999,29.10454166665125,90.0,2.55,168.1875,0.25,0.1225021720243266,0.43,280.0
1.0,0.06,300.0,0.5225,29.120941666651248,90.0,2.55,168.11,0.25,0.1228680821441002,0.43,180.0
1.0,0.05,300.0,0.5303125000000001,28.914166666651248,90.0,2.55,168.92499999999998,0.2375,0.1220575414123801,0.04,250.0
1.0,0.05,500.0,0.5303125000000001,28.914166666651248,90.0,2.55,168.92499999999998,0.2375,0.1220575414123801,0.04,280.0
1.0,0.05,300.0,0.5303125000000001,28.914166666651248,90.0,2.55,168.92499999999998,0.2375,0.1220575414123801,0.04,300.0
1.0,0.05,500.0,0.5303125000000001,28.914166666651248,90.0,2.55,168.92499999999998,0.2375,0.1220575414123801,0.04,380.0
1.0,0.05,325.0,0.5523548239597623,29.536842628051847,90.0,2.1,172.65432098765433,0.2592592592592593,0.1224489795918367,0.0699999999999999,120.0
1.0,0.05,475.0,0.5523548239597623,29.536842628051847,90.0,2.1,172.65432098765433,0.2592592592592593,0.1224489795918367,0.0699999999999999,130.0
1.0,0.05,575.0,0.5523548239597623,29.536842628051847,90.0,2.1,172.65432098765433,0.2592592592592593,0.1224489795918367,0.0699999999999999,120.0
1.0,0.1,325.0,0.5883249504648682,29.27668937134691,90.0,2.1,173.28395061728395,0.2469135802469136,0.1232876712328767,0.0699999999999999,350.0
1.0,0.1,475.0,0.5883249504648682,29.27668937134691,90.0,2.1,173.28395061728395,0.2469135802469136,0.1232876712328767,0.0699999999999999,280.0
1.0,0.1,575.0,0.5883249504648682,29.27668937134691,90.0,2.1,173.28395061728395,0.2469135802469136,0.1232876712328767,0.0699999999999999,220.0
1.0,0.2,325.0,0.66026520347508,28.756382857937034,90.0,2.1,174.5432098765432,0.2222222222222222,0.125,0.0699999999999999,220.0
1.0,0.2,475.0,0.66026520347508,28.756382857937034,90.0,2.1,174.5432098765432,0.2222222222222222,0.125,0.0699999999999999,150.0
1.0,0.2,575.0,0.66026520347508,28.756382857937034,90.0,2.1,174.5432098765432,0.2222222222222222,0.125,0.0699999999999999,120.0
0.0,0.01,300.0,0.5,29.3099499999835,90.0,2.55,173.06,0.25,0.1206896551724138,0.2299999999999997,180.0
0.0,0.01,500.0,0.5,29.3099499999835,90.0,2.55,173.06,0.25,0.1206896551724138,0.2299999999999997,280.0
1.0,0.01,300.0,0.5075000000000003,29.278549999983497,90.0,2.55,172.9925,0.2475,0.1207312866505691,0.42,184.0
1.0,0.01,300.0,0.5075000000000003,29.278549999983497,90.0,2.55,172.9925,0.2475,0.1207312866505691,0.42,222.0
1.0,0.01,473.0,0.5075000000000003,29.278549999983497,90.0,2.55,172.9925,0.2475,0.1207312866505691,0.42,222.0
1.0,0.03,300.0,0.5225000000000004,29.1273166666505,90.0,2.55,171.47750000000002,0.2425,0.1208146358301691,0.42,161.0
1.0,0.05,300.0,0.5375000000000003,28.976083333317497,90.0,2.55,169.96250000000003,0.2375,0.1208981001727115,0.42,113.0
0.0,0.05,300.0,0.5,29.24362499998375,90.0,2.55,172.025,0.25,0.1206896551724138,0.2299999999999997,130.0
0.0,0.1,300.0,0.5,29.133083333317497,90.0,2.55,170.29999999999998,0.25,0.1206896551724138,0.2299999999999997,120.0
1.0,0.03,300.0,0.5184124999999999,29.289141666649996,90.0,2.1,173.95999999999998,0.2425,0.1215066828675577,0.04,330.0
1.0,0.03,573.0,0.5184124999999999,29.289141666649996,90.0,2.1,173.95999999999998,0.2425,0.1215066828675577,0.04,350.0
1.0,0.03,300.0,0.5184124999999999,29.289141666649996,90.0,2.1,173.95999999999998,0.2425,0.1215066828675577,0.04,330.0
1.0,0.04,323.0,0.4444444444444444,28.54875555553333,90.0,2.1,176.33333333333334,0.0,0.1162790697674418,0.42,160.0
1.0,0.04,423.0,0.4444444444444444,28.54875555553333,90.0,2.1,176.33333333333334,0.0,0.1162790697674418,0.42,270.0
1.0,0.04,573.0,0.4444444444444444,28.54875555553333,90.0,2.1,176.33333333333334,0.0,0.1162790697674418,0.42,260.0
1.0,0.15,750.0,0.6387499999999999,29.669166666649996,90.0,2.1,172.8125,0.2125,0.1226415094339622,0.4600000000000001,450.0
2.0,0.4,300.0,0.5206611570247931,31.230454545436363,90.0,2.1,166.4090909090909,0.3181818181818181,0.1242424242424242,0.39,1400.0
2.0,0.1,300.0,0.5104104699583581,29.857560975592683,90.0,2.1,171.78048780487805,0.2682926829268293,0.1216666666666666,0.39,100.0
0.0,0.02,300.0,0.5,29.3099499999835,90.0,2.55,173.06,0.25,0.1206896551724138,0.2299999999999997,160.0
0.0,0.02,550.0,0.5,29.3099499999835,90.0,2.55,173.06,0.25,0.1206896551724138,0.2299999999999997,240.0
0.0,0.02,700.0,0.5,29.3099499999835,90.0,2.55,173.06,0.25,0.1206896551724138,0.2299999999999997,210.0
0.0,0.927,0.0,0.5156254955980283,29.637079793419915,90.0,2.1,172.65242378810598,0.2673663168415792,0.12133317331596,0.0,0.0417
0.0,0.927,300.0,0.5156254955980283,29.637079793419915,90.0,2.1,172.65242378810598,0.2673663168415792,0.12133317331596,0.0,0.0405
0.0,0.02,300.0,0.6761275905680435,34.098950789225626,90.0,2.55,109.96378830083566,0.2284122562674094,0.1392552366175329,0.0,0.0249376558603491
0.0,0.02,773.0,0.6761275905680435,34.098950789225626,90.0,2.55,109.96378830083566,0.2284122562674094,0.1392552366175329,0.0,0.4
1.0,0.08,300.0,0.7955555555555556,26.3751,89.0,2.55,96.45333333333332,0.1533333333333333,0.1251137397634212,0.03,361.0
1.0,0.0,300.0,0.7777777777777778,29.436944444433333,90.0,2.55,141.66666666666666,0.1666666666666666,0.125,0.03,66.0
1.0,0.08,300.0,0.7955555555555556,29.322877777766667,90.0,2.55,142.45333333333335,0.1533333333333333,0.1251137397634213,0.03,361.0
1.0,0.04,297.0,0.5244000000000001,29.290942528719,90.0,2.1,173.75,0.24,0.1197809719370294,0.2599999999999999,212.0
1.0,0.04,300.0,0.5244000000000001,29.290942528719,90.0,2.1,173.75,0.24,0.1197809719370294,0.2599999999999999,212.0
1.0,0.02,300.0,0.5123500000000001,29.322554597684498,90.0,2.1,173.75,0.245,0.1202335967021642,0.2599999999999999,160.0
1.0,0.06,300.0,0.53615,29.2593304597535,90.0,2.1,173.75,0.235,0.1193317422434367,0.2599999999999999,180.0
0.0,0.06,300.0,0.5,29.219519791650495,90.0,2.58,172.52,0.25,0.1219512195121951,0.3699999999999999,192.0
1.0,0.06,300.0,0.53615,29.17319166665,90.0,2.1,174.17,0.235,0.1210653753026634,0.19,222.0
1.0,0.04,300.0,0.5244000000000001,29.17816666665,90.0,2.1,174.03,0.24,0.1209398756046993,0.02,160.0
1.0,0.02,300.0,0.5123500000000001,29.293841666649996,90.0,2.1,173.89,0.245,0.1208146358301691,0.19,150.0
1.0,0.06,300.0,0.53615,29.17319166665,90.0,2.1,174.17,0.235,0.1210653753026634,0.19,222.0
1.0,0.04,300.0,0.5244000000000001,29.17816666665,90.0,2.1,174.03,0.24,0.1209398756046993,0.02,160.0
1.0,0.04,475.0,0.5244000000000001,29.17816666665,90.0,2.1,174.03,0.24,0.1209398756046993,0.02,145.0
1.0,0.04,632.0,0.5244000000000001,29.17816666665,90.0,2.1,174.03,0.24,0.1209398756046993,0.02,227.0
1.0,0.04,300.0,0.4622222222222222,28.587288888866663,90.0,2.1,175.92,0.0,0.1171003717472119,0.02,145.0
1.0,0.04,475.0,0.4622222222222222,28.587288888866663,90.0,2.1,175.92,0.0,0.1171003717472119,0.02,145.0
1.0,0.04,632.0,0.4622222222222222,28.587288888866663,90.0,2.1,175.92,0.0,0.1171003717472119,0.02,227.0
0.0,0.02,323.0,0.5,29.3099499999835,90.0,2.55,173.06,0.25,0.1206896551724138,0.2299999999999997,160.0
0.0,0.01,673.0,0.5806675295857988,30.16163461536731,90.0,2.1,170.71153846153848,0.2764423076923076,0.1224422982484858,0.2499999999999999,250.0
0.0,0.01,673.0,0.5143421782544378,30.154134615367305,90.0,2.1,170.78605769230768,0.2764423076923076,0.1222022545335729,0.1079999999999999,230.0
0.0,0.01,300.0,0.5806675295857988,30.16163461536731,90.0,2.1,170.71153846153848,0.2764423076923076,0.1224422982484858,0.2499999999999999,220.0
0.0,0.01,300.0,0.5143421782544378,30.154134615367305,90.0,2.1,170.78605769230768,0.2764423076923076,0.1222022545335729,0.1079999999999999,210.0
1.0,0.01,300.0,0.5130131286982248,30.09872596152115,90.0,2.1,170.78605769230768,0.2764423076923076,0.1221386527141922,0.03,200.0
0.0,0.9,300.0,0.5104104699583581,29.857560975592683,90.0,2.1,171.78048780487805,0.2682926829268293,0.1216666666666666,0.0,800.0
1.0,0.06,300.0,0.5224999999999999,29.38004166665,90.0,2.1,173.375,0.235,0.1208146358301691,0.07,231.0
1.0,0.06,300.0,0.5224999999999999,29.38004166665,90.0,2.1,173.375,0.235,0.1208146358301691,0.07,231.0
1.0,0.06,300.0,0.53615,29.17319166665,90.0,2.1,174.17,0.235,0.1210653753026634,0.19,222.0
1.0,0.02,300.0,0.5123500000000001,29.293841666649996,90.0,2.1,173.89,0.245,0.1208146358301691,0.19,180.0
1.0,0.06,300.0,0.53615,29.17319166665,90.0,2.1,174.17,0.235,0.1210653753026634,0.19,220.0
1.0,0.05,300.0,0.59375,29.16829166665,90.0,2.1,174.1,0.2375,0.1218450826805918,0.155,160.0
1.0,0.05,300.0,0.591704825974711,29.16229741017543,90.0,2.1,174.12030075187968,0.2355889724310776,0.1218150087260035,0.155,230.0
1.0,0.0,300.0,0.5,29.35416666665,90.0,2.1,173.75,0.25,0.1206896551724138,0.155,120.0
1.0,0.05,300.0,0.59375,29.16829166665,90.0,2.1,174.1,0.2375,0.1218450826805918,0.155,160.0
1.0,0.05,323.0,0.59375,29.16829166665,90.0,2.1,174.1,0.2375,0.1218450826805918,0.155,150.0
