source_pdf,doi,base_composition,sample_id,full_formula,num_dopants,is_codoped,primary_dopant_element,primary_dopant_pct,primary_dopant_site,codopant_elements,all_dopants_detail,source_type,source_detail,notes,temperature_K,target_value,unit
1-s2.0-S0167577X08002243-main.pdf,10.1016/j.matlet.2008.02.039,AgSbTe2,"(AgSbTe2)1-x(Ag2Te)x, x=0",AgSbTe2,1,No,Ag2Te,x=0,unclear,,Ag2Te (x=0) @ unclear site,figure,Fig. 4,Visually estimated from Fig. 4 at 2.0 GPa,,3.5,uW/cm.K2
1-s2.0-S0167577X08002243-main.pdf,10.1016/j.matlet.2008.02.039,AgSbTe2,"(AgSbTe2)1-x(Ag2Te)x, x=0.05",(AgSbTe2)0.95(Ag2Te)0.05,1,No,Ag2Te,x=0.05,unclear,,Ag2Te (x=0.05) @ unclear site,figure,Fig. 4,Visually estimated from Fig. 4 at 2.0 GPa,,4.2,uW/cm.K2
1-s2.0-S0167577X08002243-main.pdf,10.1016/j.matlet.2008.02.039,AgSbTe2,"(AgSbTe2)1-x(Ag2Te)x, x=0.1",(AgSbTe2)0.9(Ag2Te)0.1,1,No,Ag2Te,x=0.1,unclear,,Ag2Te (x=0.1) @ unclear site,figure,Fig. 4,Visually estimated from Fig. 4 at 2.0 GPa,,3.8000000000000003,uW/cm.K2
1-s2.0-S0167577X08002243-main.pdf,10.1016/j.matlet.2008.02.039,AgSbTe2,"(AgSbTe2)1-x(Ag2Te)x, x=0.2",(AgSbTe2)0.8(Ag2Te)0.2,1,No,Ag2Te,x=0.2,unclear,,Ag2Te (x=0.2) @ unclear site,figure,Fig. 4,Visually estimated from Fig. 4 at 2.0 GPa,,3.2,uW/cm.K2
1-s2.0-S0925838810006912-main.pdf,10.1016/j.jallcom.2010.03.170,AgxSb2-xTe3-x,Ag0.84Sb1.16Te2.16,Ag0.84Sb1.16Te2.16,0,No,,,,,,body text,,,300.0,23.500000000000004,uW/cm.K2
1-s2.0-S092583882601529X-main.pdf,10.1016/j.jallcom.2026.187461,Te(1-x)(AgSbTe2)x,"Te(1-x)(AgSbTe2)x, x=0.005",Te0.995(AgSbTe2)0.005,2,Yes,Ag,0.5%,unclear,Sb (0.5%) @ Te,Ag (0.5%) @ unclear site; Sb (0.5%) @ Te site,body text,,,475.0,13.8,uW/cm.K2
1-s2.0-S092583882601529X-main.pdf,10.1016/j.jallcom.2026.187461,Te(1-x)(AgSbTe2)x,x=0%,Te,0,No,,,,,,figure,Fig. 2c,Visually estimated from Fig. 2c,300.0,2.0,uW/cm.K2
1-s2.0-S092583882601529X-main.pdf,10.1016/j.jallcom.2026.187461,Te(1-x)(AgSbTe2)x,x=0.5%,Te0.995(AgSbTe2)0.005,2,Yes,Ag,0.5%,unclear,Sb (0.5%) @ unclear,Ag (0.5%) @ unclear site; Sb (0.5%) @ unclear site,figure,Fig. 2c,Visually estimated from Fig. 2c,450.0,13.8,uW/cm.K2
1-s2.0-S1359645421008223-main.pdf,10.1016/j.actamat.2021.117443,AgSbTe2,HT673,AgSb0.998Ce0.002Te2,1,No,Ce,0.2 mol%,unclear,,Ce (0.2 mol%) @ unclear site,body text,,,298.0,9.600000000000001,uW/cm.K2
1-s2.0-S1359645421008223-main.pdf,10.1016/j.actamat.2021.117443,AgSbTe2,HT673,AgSb0.998Ce0.002Te2,1,No,Ce,0.2 mol%,unclear,,Ce (0.2 mol%) @ unclear site,body text,,,573.0,13.899999999999999,uW/cm.K2
1-s2.0-S1359645421008223-main.pdf,10.1016/j.actamat.2021.117443,AgSbTe2,HT673,AgSb0.998Ce0.002Te2,1,No,Ce,0.2 mol%,unclear,,Ce (0.2 mol%) @ unclear site,body text,,,673.0,14.1,uW/cm.K2
1-s2.0-S1359645422000684-main.pdf,10.1016/j.actamat.2022.117681,(Sn1-xPbxSe)0.6(AgSbTe2)0.4,(SnSe)0.6(AgSbTe2)0.4,(SnSe)0.6(AgSbTe2)0.4,0,No,,,,,,body text,,,723.0,13.0,uW/cm.K2
1-s2.0-S1359645422000684-main.pdf,10.1016/j.actamat.2022.117681,(Sn1-xPbxSe)0.6(AgSbTe2)0.4,(SnSe)0.6(AgSbTe2)0.4,(SnSe)0.6(AgSbTe2)0.4,0,No,,,,,,body text,,,300.0,9.0,uW/cm.K2
1-s2.0-S1359645422000684-main.pdf,10.1016/j.actamat.2022.117681,(Sn1-xPbxSe)0.6(AgSbTe2)0.4,"(SnSe)1-m(AgSbTe2)m, m=0%",SnSe,0,No,,,,,,figure,,Visually estimated from Fig. 4c,300.0,0.5,uW/cm.K2
1-s2.0-S1359645422000684-main.pdf,10.1016/j.actamat.2022.117681,(Sn1-xPbxSe)0.6(AgSbTe2)0.4,x=0%,"(Sn1-xPbxSe)0.6(AgSbTe2)0.4, x=0",0,No,,,,,,figure,,Visually estimated from Fig. 8f,600.0,12.499999999999998,uW/cm.K2
1-s2.0-S1359645425002769-main.pdf,10.1016/j.actamat.2025.120985,AgSbTe2,QA-AgSbTe2 (A = 0 h),AgSbTe2,0,No,,,,,,body text,,Value for A = 24 h,548.0,8.22,uW/cm.K2
1-s2.0-S1359645425002769-main.pdf,10.1016/j.actamat.2025.120985,AgSbTe2,QA-AgSbTe2 (A = 0 h),AgSbTe2,0,No,,,,,,body text,,Value for A = 0 h,548.0,7.109999999999999,uW/cm.K2
1-s2.0-S1359645425002769-main.pdf,10.1016/j.actamat.2025.120985,AgSbTe2,QA-AgSbTe2 (A = 24 h),AgSbTe2,0,No,,,,,,figure,Fig. 3c,Visually estimated from Fig. 3c,548.0,8.22,uW/cm.K2
1-s2.0-S221128552201196X-main.pdf,10.1016/j.nanoen.2022.108118,AgSbTe2,Slow Cooling,AgSbTe2,0,No,,,,,,figure,,Visually estimated from Fig. 7c,325.0,4.0,uW/cm.K2
1-s2.0-S221128552201196X-main.pdf,10.1016/j.nanoen.2022.108118,AgSbTe2,Slow Cooling,AgSbTe2,0,No,,,,,,figure,,Visually estimated from Fig. 7c,425.0,5.0,uW/cm.K2
1-s2.0-S221128552201196X-main.pdf,10.1016/j.nanoen.2022.108118,AgSbTe2,Slow Cooling,AgSbTe2,0,No,,,,,,figure,,Visually estimated from Fig. 7c,525.0,5.999999999999999,uW/cm.K2
1-s2.0-S221128552201196X-main.pdf,10.1016/j.nanoen.2022.108118,AgSbTe2,Slow Cooling,AgSbTe2,0,No,,,,,,figure,,Visually estimated from Fig. 7c,625.0,6.5,uW/cm.K2
1-s2.0-S221128552201196X-main.pdf,10.1016/j.nanoen.2022.108118,AgSbTe2,Fast Cooling,AgSbTe2,0,No,,,,,,figure,,Visually estimated from Fig. 7c,325.0,7.0,uW/cm.K2
1-s2.0-S221128552201196X-main.pdf,10.1016/j.nanoen.2022.108118,AgSbTe2,Fast Cooling,AgSbTe2,0,No,,,,,,figure,,Visually estimated from Fig. 7c,425.0,7.5,uW/cm.K2
1-s2.0-S221128552201196X-main.pdf,10.1016/j.nanoen.2022.108118,AgSbTe2,Fast Cooling,AgSbTe2,0,No,,,,,,figure,,Visually estimated from Fig. 7c,525.0,7.5,uW/cm.K2
1-s2.0-S221128552201196X-main.pdf,10.1016/j.nanoen.2022.108118,AgSbTe2,Fast Cooling,AgSbTe2,0,No,,,,,,figure,,Visually estimated from Fig. 7c,625.0,6.5,uW/cm.K2
1-s2.0-S221128552201196X-main.pdf,10.1016/j.nanoen.2022.108118,AgSbTe2,Quenched,AgSbTe2,0,No,,,,,,figure,,Visually estimated from Fig. 7c,325.0,8.0,uW/cm.K2
1-s2.0-S221128552201196X-main.pdf,10.1016/j.nanoen.2022.108118,AgSbTe2,Quenched,AgSbTe2,0,No,,,,,,figure,,Visually estimated from Fig. 7c,425.0,11.999999999999998,uW/cm.K2
1-s2.0-S221128552201196X-main.pdf,10.1016/j.nanoen.2022.108118,AgSbTe2,Quenched,AgSbTe2,0,No,,,,,,figure,,Visually estimated from Fig. 7c,525.0,16.0,uW/cm.K2
1-s2.0-S221128552201196X-main.pdf,10.1016/j.nanoen.2022.108118,AgSbTe2,Quenched,AgSbTe2,0,No,,,,,,figure,,Visually estimated from Fig. 7c,625.0,16.0,uW/cm.K2
1-s2.0-S221128552201196X-main.pdf,10.1016/j.nanoen.2022.108118,AgSbTe2,AgSbTe2,AgSbTe2,0,No,,,,,,figure,Fig. 8c,Visually estimated from Fig. 8c.,473.0,13.200000000000001,uW/cm.K2
1-s2.0-S221128552201196X-main.pdf,10.1016/j.nanoen.2022.108118,AgSbTe2,AgSbTe2,AgSbTe2,0,No,,,,,,figure,Fig. 8f,Visually estimated from Fig. 8f.,623.0,19.2,uW/cm.K2
1-s2.0-S2352847816300041-main.pdf,10.1016/j.jmat.2016.05.001,SnCd0.05Te-x%AgSbSe2,SnCd0.05Te,SnCd0.05Te,1,No,Cd,0.05,unclear,,Cd (0.05) @ unclear site,figure,Fig. 3d,Visually estimated from Fig. 3d,300.0,4.0,uW/cm.K2
1-s2.0-S2352847816300041-main.pdf,10.1016/j.jmat.2016.05.001,SnCd0.05Te-x%AgSbSe2,SnCd0.05Te-3%AgSbSe2,SnCd0.05Te-3%AgSbSe2,2,Yes,Cd,0.05,unclear,AgSbSe2 (3%) @ unclear,Cd (0.05) @ unclear site; AgSbSe2 (3%) @ unclear site,figure,Fig. 3d,Visually estimated from Fig. 3d,300.0,5.0,uW/cm.K2
1-s2.0-S235284782200096X-main.pdf,10.1016/j.jmat.2022.07.005,AgSbTe2,Ag0.9Sb1.1Te2.1,Ag0.9Sb1.1Te2.1,3,Yes,Ag,0.9,Ag,Sb (1.1) @ Sb; Te (2.1) @ Te,Ag (0.9) @ Ag site; Sb (1.1) @ Sb site; Te (2.1) @ Te site,figure,,Visually estimated from Fig. 4c,300.0,2.0,uW/cm.K2
1-s2.0-S235284782200096X-main.pdf,10.1016/j.jmat.2022.07.005,AgSbTe2,Ag0.9Sb1.1Te2.1,Ag0.9Sb1.1Te2.1,3,Yes,Ag,0.9,Ag,Sb (1.1) @ Sb; Te (2.1) @ Te,Ag (0.9) @ Ag site; Sb (1.1) @ Sb site; Te (2.1) @ Te site,figure,,Visually estimated from Fig. 4c,500.0,12.0,uW/cm.K2
1-s2.0-S254252932030122X-main.pdf,10.1016/j.mtphys.2020.100298,Sn1-2x(AgSb)xSe1-2xTe2x,x=0.25,Sn0.5Ag0.25Sb0.25Se0.5Te0.5,3,Yes,Ag,0.25,multiple sites,Sb (0.25) @ multiple sites; Te (0.5) @ multiple sites,Ag (0.25) @ multiple sites site; Sb (0.25) @ multiple sites site; Te (0.5) @ multiple sites site,text,body text,,820.0,11.3,uW/cm.K2
1-s2.0-S2542529325000483-main.pdf,10.1016/j.mtphys.2025.101692,AgSbTe2,"(AgSb1-yCdyTe2)0.9(Bi2Te3)0.1, y=0.00",(AgSbTe2)0.9(Bi2Te3)0.1,2,Yes,Bi,0.1,multiple sites,Cd (y=0.00) @ Sb,Bi (0.1) @ multiple sites site; Cd (y=0.00) @ Sb site,figure,,Visually estimated from Fig. 3c,300.0,3.5,uW/cm.K2
1-s2.0-S2542529325000483-main.pdf,10.1016/j.mtphys.2025.101692,AgSbTe2,"(AgSb1-yCdyTe2)0.9(Bi2Te3)0.1, y=0.00",(AgSbTe2)0.9(Bi2Te3)0.1,2,Yes,Bi,0.1,multiple sites,Cd (y=0.00) @ Sb,Bi (0.1) @ multiple sites site; Cd (y=0.00) @ Sb site,figure,,Visually estimated from Fig. 3c,450.0,6.5,uW/cm.K2
1-s2.0-S2542529325000483-main.pdf,10.1016/j.mtphys.2025.101692,AgSbTe2,"(AgSb1-yCdyTe2)0.9(Bi2Te3)0.1, y=0.02",(AgSb0.98Cd0.02Te2)0.9(Bi2Te3)0.1,2,Yes,Bi,0.1,multiple sites,Cd (y=0.02) @ Sb,Bi (0.1) @ multiple sites site; Cd (y=0.02) @ Sb site,figure,,Visually estimated from Fig. 3c,300.0,4.5,uW/cm.K2
1-s2.0-S2542529325000483-main.pdf,10.1016/j.mtphys.2025.101692,AgSbTe2,"(AgSb1-yCdyTe2)0.9(Bi2Te3)0.1, y=0.02",(AgSb0.98Cd0.02Te2)0.9(Bi2Te3)0.1,2,Yes,Bi,0.1,multiple sites,Cd (y=0.02) @ Sb,Bi (0.1) @ multiple sites site; Cd (y=0.02) @ Sb site,figure,,Visually estimated from Fig. 3c,450.0,8.5,uW/cm.K2
2305.19217v1.pdf,,Sb2Te3,ST,Sb2Te3,0,No,,,,,,text,body text,,385.0,49.1,uW/cm.K2
2305.19217v1.pdf,,Sb2Te3,AST4,Sb2Te3-AgSbTe2 (x=7.00),1,No,Ag,7.00 atomic percentage,multiple sites,,Ag (7.00 atomic percentage) @ multiple sites site,text,body text,,435.0,71.7,uW/cm.K2
2305.19217v1.pdf,,Sb2Te3,ST,Sb2Te3,0,No,,,,,,table,Table 1,Room temperature value,,29.6,uW/cm.K2
2305.19217v1.pdf,,Sb2Te3,AST1,Sb2Te3-Ag0.9,1,No,Ag,0.9 atomic %,Sb,,Ag (0.9 atomic %) @ Sb site,table,Table 1,Room temperature value,,20.0,uW/cm.K2
2305.19217v1.pdf,,Sb2Te3,AST2,Sb2Te3-Ag1.7,1,No,Ag,1.7 atomic %,Sb,,Ag (1.7 atomic %) @ Sb site,table,Table 1,Room temperature value,,19.700000000000003,uW/cm.K2
2305.19217v1.pdf,,Sb2Te3,AST3,Sb2Te3-Ag5.9,1,No,Ag,5.9 atomic %,Sb,,Ag (5.9 atomic %) @ Sb site,table,Table 1,Room temperature value,,20.6,uW/cm.K2
2305.19217v1.pdf,,Sb2Te3,AST4,Sb2Te3-Ag7.0,1,No,Ag,7.0 atomic %,Sb,,Ag (7.0 atomic %) @ Sb site,table,Table 1,Room temperature value,,13.100000000000001,uW/cm.K2
Adv Funct Materials - 2024 - Kim - Enhancement of Phase Stability and Thermoelectric Performance of Meta‐Stable AgSbTe2 by.pdf,10.1002/adfm.202404886,AgSbTe2,Tmid T.C. AgSbTe2,AgSbTe2,0,No,,,,,,figure,Figure 4e,Visually estimated from Figure 4e,500.0,11.999999999999998,uW/cm.K2
Adv Funct Materials - 2024 - Kim - Enhancement of Phase Stability and Thermoelectric Performance of Meta‐Stable AgSbTe2 by.pdf,10.1002/adfm.202404886,AgSbTe2,Thigh T.C. AgSbTe2,AgSbTe2,0,No,,,,,,figure,Figure 4e,Visually estimated from Figure 4e,550.0,15.0,uW/cm.K2
Adv Funct Materials - 2024 - Zhang - Dual Alloying Enables High Thermoelectric Performance in AgSbTe2 by Manipulating.pdf,10.1002/adfm.202400679,AgSbTe2,AgSbTe2,AgSbTe2,0,No,,,,,,body text,,,300.0,8.7,uW/cm.K2
Adv Funct Materials - 2024 - Zhang - Dual Alloying Enables High Thermoelectric Performance in AgSbTe2 by Manipulating.pdf,10.1002/adfm.202400679,AgSbTe2,(AgSbTe2)0.98(AgAlSe2)0.02,(AgSbTe2)0.98(AgAlSe2)0.02,2,Yes,Al,0.02,multiple sites,Se (0.02) @ multiple sites,Al (0.02) @ multiple sites site; Se (0.02) @ multiple sites site,body text,,,300.0,13.5,uW/cm.K2
Adv Funct Materials - 2024 - Zhang - Dual Alloying Enables High Thermoelectric Performance in AgSbTe2 by Manipulating.pdf,10.1002/adfm.202400679,AgSbTe2,(AgSbTe2)0.98(AgAlSe2)0.02,(AgSbTe2)0.98(AgAlSe2)0.02,2,Yes,Al,0.02,multiple sites,Se (0.02) @ multiple sites,Al (0.02) @ multiple sites site; Se (0.02) @ multiple sites site,body text,,,523.0,16.0,uW/cm.K2
Advanced Energy Materials - 2011 - Han - Lead‐Free Thermoelectrics  High Figure of Merit in p‐type AgSnmSbTem 2.pdf,10.1002/aenm.201100613,AgSnmSbTem+2,AgSn5SbTe7,AgSn5SbTe7,2,Yes,Ag,m=5,unclear,Sb (m=5) @ unclear,Ag (m=5) @ unclear site; Sb (m=5) @ unclear site,body text,,,710.0,23.0,uW/cm.K2
Advanced Energy Materials - 2017 - Hong - Achieving zT   2 in p‐Type AgSbTe2 xSex Alloys via Exploring the Extra Light.pdf,10.1002/aenm.201702333,AgSbTe2,AgSbTe2,AgSbTe2,0,No,,,,,,body text,Section 2.1,,550.0,8.3,uW/cm.K2
Advanced Energy Materials - 2017 - Hong - Achieving zT   2 in p‐Type AgSbTe2 xSex Alloys via Exploring the Extra Light.pdf,10.1002/aenm.201702333,AgSbTe2,AgSbTe1.85Se0.15,AgSbTe1.85Se0.15,1,No,Se,x=0.15,Te,,Se (x=0.15) @ Te site,body text,Section 2.1,,550.0,14.5,uW/cm.K2
Advanced Energy Materials - 2026 - Li - Rare‐Earth Yttrium Doping Advances High‐Performance AgSbTe2 Thermoelectrics.pdf,10.1002/aenm.202505258,AgSbTe2,AgSb0.98Y0.02Te2 (x=0.02),AgSb0.98Y0.02Te2,1,No,Y,2%,Sb,,Y (2%) @ Sb site,text,Page 5,,523.0,17.7,uW/cm.K2
Advanced Energy Materials - 2026 - Li - Rare‐Earth Yttrium Doping Advances High‐Performance AgSbTe2 Thermoelectrics.pdf,10.1002/aenm.202505258,AgSbTe2,AgSbTe2,AgSbTe2,0,No,,,,,,figure,,Visually estimated from Fig. 4c,300.0,9.0,uW/cm.K2
Advanced Energy Materials - 2026 - Li - Rare‐Earth Yttrium Doping Advances High‐Performance AgSbTe2 Thermoelectrics.pdf,10.1002/aenm.202505258,AgSbTe2,AgSb0.99Y0.01Te2,AgSb0.99Y0.01Te2,1,No,Y,0.01,Sb,,Y (0.01) @ Sb site,figure,,Visually estimated from Fig. 4c,300.0,12.0,uW/cm.K2
Advanced Energy Materials - 2026 - Li - Rare‐Earth Yttrium Doping Advances High‐Performance AgSbTe2 Thermoelectrics.pdf,10.1002/aenm.202505258,AgSbTe2,AgSb0.98Y0.02Te2,AgSb0.98Y0.02Te2,1,No,Y,0.02,Sb,,Y (0.02) @ Sb site,figure,,Visually estimated from Fig. 4c,300.0,13.0,uW/cm.K2
Advanced Energy Materials - 2026 - Li - Rare‐Earth Yttrium Doping Advances High‐Performance AgSbTe2 Thermoelectrics.pdf,10.1002/aenm.202505258,AgSbTe2,AgSb0.97Y0.03Te2,AgSb0.97Y0.03Te2,1,No,Y,0.03,Sb,,Y (0.03) @ Sb site,figure,,Visually estimated from Fig. 4c,300.0,12.499999999999998,uW/cm.K2
Advanced Materials - 2022 - Zhang - Defect‐Engineering‐Stabilized AgSbTe2 with High Thermoelectric Performance.pdf,10.1002/adma.202208994,AgSbTe2,AgSbTe1.85Se0.1S0.05,AgSbTe1.85Se0.1S0.05,2,Yes,Se,0.1,Te,S (0.05) @ Te,Se (0.1) @ Te site; S (0.05) @ Te site,text,"Page 5, Results and Discussion",,673.0,21.000000000000004,uW/cm.K2
Advanced Materials - 2022 - Zhang - Defect‐Engineering‐Stabilized AgSbTe2 with High Thermoelectric Performance.pdf,10.1002/adma.202208994,AgSbTe2,AgSbTe2,AgSbTe2,0,No,,,,,,figure,Fig. 4E,Visually estimated from Fig. 4E,300.0,5.999999999999999,uW/cm.K2
Advanced Materials - 2022 - Zhang - Defect‐Engineering‐Stabilized AgSbTe2 with High Thermoelectric Performance.pdf,10.1002/adma.202208994,AgSbTe2,AgSbTe1.9Se0.05S0.05,AgSbTe1.9Se0.05S0.05,2,Yes,Se,0.05,Te,S (0.05) @ Te,Se (0.05) @ Te site; S (0.05) @ Te site,figure,Fig. 4E,Visually estimated from Fig. 4E,300.0,6.500000000000001,uW/cm.K2
Advanced Materials - 2022 - Zhang - Defect‐Engineering‐Stabilized AgSbTe2 with High Thermoelectric Performance.pdf,10.1002/adma.202208994,AgSbTe2,AgSbTe1.85Se0.1S0.05,AgSbTe1.85Se0.1S0.05,2,Yes,Se,0.1,Te,S (0.05) @ Te,Se (0.1) @ Te site; S (0.05) @ Te site,figure,Fig. 4E,Visually estimated from Fig. 4E,300.0,13.000000000000002,uW/cm.K2
Advanced Materials - 2022 - Zhang - Defect‐Engineering‐Stabilized AgSbTe2 with High Thermoelectric Performance.pdf,10.1002/adma.202208994,AgSbTe2,AgSbTe1.8Se0.1S0.1,AgSbTe1.8Se0.1S0.1,2,Yes,Se,0.1,Te,S (0.1) @ Te,Se (0.1) @ Te site; S (0.1) @ Te site,figure,Fig. 4E,Visually estimated from Fig. 4E,300.0,11.000000000000002,uW/cm.K2
Advanced Materials - 2023 - Taneja - High Thermoelectric Performance in Phonon‐Glass Electron‐Crystal Like AgSbTe2.pdf,10.1002/adma.202307058,AgSbTe2,AgSb0.96Yb0.04Te2,AgSb0.96Yb0.04Te2,1,No,Yb,4 mol%,Sb,,Yb (4 mol%) @ Sb site,body text,,,573.0,18.93,uW/cm.K2
Advanced Materials - 2024 - Li - High‐Performance AgSbTe2 Thermoelectrics  Advances  Challenges  and Perspectives.pdf,10.1002/adma.202409275,AgSbTe2,AgSb0.94Cd0.06Te2,AgSb0.94Cd0.06Te2,1,No,Cd,0.06,Sb,,Cd (0.06) @ Sb site,Table 1,,,573.0,17.83,uW/cm.K2
Angew Chem Int Ed - 2026 - Han - Lead‐Doping Enabled Band Engineering and Phonon Transport Modulation  Key to.pdf,10.1002/anie.2554196,AgSbTe2,AgSbTe2,AgSbTe2,0,No,,,,,,body text,Page 5,,300.0,8.27,uW/cm.K2
Angew Chem Int Ed - 2026 - Han - Lead‐Doping Enabled Band Engineering and Phonon Transport Modulation  Key to.pdf,10.1002/anie.2554196,AgSbTe2,AgSb0.96Pb0.04Te2,AgSb0.96Pb0.04Te2,1,No,Pb,0.04,Sb,,Pb (0.04) @ Sb site,body text,Page 1,,623.0,18.14,uW/cm.K2
Angew Chem Int Ed - 2026 - Han - Lead‐Doping Enabled Band Engineering and Phonon Transport Modulation  Key to.pdf,10.1002/anie.2554196,AgSbTe2,AgSb0.96Pb0.04Te2,AgSb0.96Pb0.04Te2,1,No,Pb,0.04,Sb,,Pb (0.04) @ Sb site,body text,Page 5,,300.0,12.9,uW/cm.K2
Angew Chem Int Ed - 2026 - Han - Lead‐Doping Enabled Band Engineering and Phonon Transport Modulation  Key to.pdf,10.1002/anie.2554196,AgSbTe2,Ag0.96Pb0.04Te2,Ag0.96Pb0.04Te2,1,No,Pb,0.04,Sb,,Pb (0.04) @ Sb site,body text,,,623.0,18.14,uW/cm.K2
Band convergence and nanostructure modulations lead to high thermoelectric performance in SnPb0.04Te-y_ AgSbTe2.pdf,10.1016/j.mtphys.2021.100505,SnPb0.04Te-y%AgSbTe2,SnPb0.04Te-y%AgSbTe2 (y=0 to 25),SnPb0.04Te-y%AgSbTe2,2,Yes,Ag,y%,unclear,Sb (y%) @ unclear,Ag (y%) @ unclear site; Sb (y%) @ unclear site,body text,page 2,Value for y=12 sample at 300 K,300.0,10.5,uW/cm.K2
Band convergence and nanostructure modulations lead to high thermoelectric performance in SnPb0.04Te-y_ AgSbTe2.pdf,10.1016/j.mtphys.2021.100505,SnPb0.04Te-y%AgSbTe2,SnPb0.04Te-y%AgSbTe2 (y=0 to 25),SnPb0.04Te-y%AgSbTe2,2,Yes,Ag,y%,unclear,Sb (y%) @ unclear,Ag (y%) @ unclear site; Sb (y%) @ unclear site,body text,page 2,Value for y=12 sample at 823 K,823.0,25.5,uW/cm.K2
"Carrier optimization and reduced thermal conductivity leading to enhanced thermoelectric performance in (Mg, S) co-doped AgSbTe2.pdf",10.1016/j.mtphys.2024.101358,AgSbTe2,AgSb0.97Mg0.03Te1.90S0.10,AgSb0.97Mg0.03Te1.90S0.10,2,Yes,Mg,3 atomic %,Sb,S (y = 0.10) @ Te,Mg (3 atomic %) @ Sb site; S (y = 0.10) @ Te site,body text,,,300.0,14.239999999999998,uW/cm.K2
"Carrier optimization and reduced thermal conductivity leading to enhanced thermoelectric performance in (Mg, S) co-doped AgSbTe2.pdf",10.1016/j.mtphys.2024.101358,AgSbTe2,AgSb0.97Mg0.03Te1.90S0.10,AgSb0.97Mg0.03Te1.90S0.10,2,Yes,Mg,3 atomic %,Sb,S (y = 0.10) @ Te,Mg (3 atomic %) @ Sb site; S (y = 0.10) @ Te site,body text,,,600.0,17.21,uW/cm.K2
"Carrier optimization and reduced thermal conductivity leading to enhanced thermoelectric performance in (Mg, S) co-doped AgSbTe2.pdf",10.1016/j.mtphys.2024.101358,AgSbTe2,AgSb0.97Mg0.03Te1.9S0.10,AgSb0.97Mg0.03Te1.9S0.10,2,Yes,Mg,3 at.%,Sb,S (0.10) @ Te,Mg (3 at.%) @ Sb site; S (0.10) @ Te site,body text,,,600.0,17.21,uW/cm.K2
Carrier scattering mechanism change in Se and S co-doped AgSbTe2 thermoelectric materials.pdf,10.1007/s43207-026-00585-7,AgSbTe2,AgSbTe2,AgSbTe2,0,No,,,,,,figure,,Visually estimated from Fig. 6(f) at nH ~ 10^19 cm^-3,570.0,11.999999999999998,uW/cm.K2
Carrier scattering mechanism change in Se and S co-doped AgSbTe2 thermoelectric materials.pdf,10.1007/s43207-026-00585-7,AgSbTe2,AgSbTe1.9Se0.05S0.05,AgSbTe1.9Se0.05S0.05,2,Yes,Se,0.05,Te,S (0.05) @ Te,Se (0.05) @ Te site; S (0.05) @ Te site,figure,,Visually estimated from Fig. 6(d) at nH ~ 10^20 cm^-3,570.0,16.000000000000004,uW/cm.K2
Carrier scattering mechanism change in Se and S co-doped AgSbTe2 thermoelectric materials.pdf,10.1007/s43207-026-00585-7,AgSbTe2,AgSbTe1.85Se0.1S0.05,AgSbTe1.85Se0.1S0.05,2,Yes,Se,0.1,Te,S (0.05) @ Te,Se (0.1) @ Te site; S (0.05) @ Te site,figure,,Visually estimated from Fig. 6(d) at nH ~ 10^20 cm^-3,570.0,20.0,uW/cm.K2
Carrier scattering mechanism change in Se and S co-doped AgSbTe2 thermoelectric materials.pdf,10.1007/s43207-026-00585-7,AgSbTe2,AgSbTe1.8Se0.1S0.1,AgSbTe1.8Se0.1S0.1,2,Yes,Se,0.1,Te,S (0.1) @ Te,Se (0.1) @ Te site; S (0.1) @ Te site,figure,,Visually estimated from Fig. 6(d) at nH ~ 10^20 cm^-3,570.0,22.000000000000004,uW/cm.K2
Charge Compensation Modulation of the Thermoelectric Properties in AgSbTe2 via Mn Amphoteric Doping.pdf,10.1021/acs.inorgchem.9b00852,AgSbTe2,5 mol % MnAg-MnSb amphoteric doping,Ag1-ySb1-xMnx+yTe2,2,Yes,Mn,5 mol %,Ag,Mn (5 mol %) @ Sb,Mn (5 mol %) @ Ag site; Mn (5 mol %) @ Sb site,body text,"Page 5, Results and Discussion",,550.0,14.0,uW/cm.K2
Chen_2012_J._Phys._D__Appl._Phys._45_115302.pdf,10.1088/0022-3727/45/11/115302,Ag0.366Sb0.558Te,0% GeTe,"(Ag0.366Sb0.558Te)1-x(GeTe)x, x=0",1,No,Ge,0%,unclear,,Ge (0%) @ unclear site,figure,Fig. 3c,Visually estimated from Fig. 3c,500.0,5.5,uW/cm.K2
Chen_2012_J._Phys._D__Appl._Phys._45_115302.pdf,10.1088/0022-3727/45/11/115302,Ag0.366Sb0.558Te,1% GeTe,"(Ag0.366Sb0.558Te)1-x(GeTe)x, x=1%",1,No,Ge,1%,unclear,,Ge (1%) @ unclear site,figure,Fig. 3c,Visually estimated from Fig. 3c,500.0,4.5,uW/cm.K2
Chen_2012_J._Phys._D__Appl._Phys._45_115302.pdf,10.1088/0022-3727/45/11/115302,Ag0.366Sb0.558Te,8% GeTe,"(Ag0.366Sb0.558Te)1-x(GeTe)x, x=8%",1,No,Ge,8%,unclear,,Ge (8%) @ unclear site,figure,Fig. 3c,Visually estimated from Fig. 3c,500.0,3.5,uW/cm.K2
"Contrasting roles of small-radius metals (Cu, Zn, Ni) in enhancing the thermoelectric properties of AgSbTe2.pdf",10.1016/j.jallcom.2026.189224,AgSbTe2,AgSbTe2,AgSbTe2,0,No,,,,,,Table 1,,PFmax,300.0,9.209999999999999,uW/cm.K2
"Contrasting roles of small-radius metals (Cu, Zn, Ni) in enhancing the thermoelectric properties of AgSbTe2.pdf",10.1016/j.jallcom.2026.189224,AgSbTe2,AgSbTe2,AgSbTe2,0,No,,,,,,Table 1,,PFave,,8.86,uW/cm.K2
"Contrasting roles of small-radius metals (Cu, Zn, Ni) in enhancing the thermoelectric properties of AgSbTe2.pdf",10.1016/j.jallcom.2026.189224,AgSbTe2,AgSb0.97Cu0.03Te2,AgSb0.97Cu0.03Te2,1,No,Cu,0.03,Sb,,Cu (0.03) @ Sb site,Table 1,,PFmax,300.0,16.189999999999998,uW/cm.K2
"Contrasting roles of small-radius metals (Cu, Zn, Ni) in enhancing the thermoelectric properties of AgSbTe2.pdf",10.1016/j.jallcom.2026.189224,AgSbTe2,AgSb0.97Cu0.03Te2,AgSb0.97Cu0.03Te2,1,No,Cu,0.03,Sb,,Cu (0.03) @ Sb site,Table 1,,PFave,,14.75,uW/cm.K2
"Contrasting roles of small-radius metals (Cu, Zn, Ni) in enhancing the thermoelectric properties of AgSbTe2.pdf",10.1016/j.jallcom.2026.189224,AgSbTe2,AgSb0.98Zn0.02Te2,AgSb0.98Zn0.02Te2,1,No,Zn,0.02,Sb,,Zn (0.02) @ Sb site,Table 1,,PFmax,300.0,15.67,uW/cm.K2
"Contrasting roles of small-radius metals (Cu, Zn, Ni) in enhancing the thermoelectric properties of AgSbTe2.pdf",10.1016/j.jallcom.2026.189224,AgSbTe2,AgSb0.98Zn0.02Te2,AgSb0.98Zn0.02Te2,1,No,Zn,0.02,Sb,,Zn (0.02) @ Sb site,Table 1,,PFave,,13.25,uW/cm.K2
"Contrasting roles of small-radius metals (Cu, Zn, Ni) in enhancing the thermoelectric properties of AgSbTe2.pdf",10.1016/j.jallcom.2026.189224,AgSbTe2,AgSb0.985Ni0.015Te2,AgSb0.985Ni0.015Te2,1,No,Ni,0.015,Sb,,Ni (0.015) @ Sb site,Table 1,,PFmax,300.0,13.139999999999999,uW/cm.K2
"Contrasting roles of small-radius metals (Cu, Zn, Ni) in enhancing the thermoelectric properties of AgSbTe2.pdf",10.1016/j.jallcom.2026.189224,AgSbTe2,AgSb0.985Ni0.015Te2,AgSb0.985Ni0.015Te2,1,No,Ni,0.015,Sb,,Ni (0.015) @ Sb site,Table 1,,PFave,,11.379999999999999,uW/cm.K2
"Contrasting roles of small-radius metals (Cu, Zn, Ni) in enhancing the thermoelectric properties of AgSbTe2.pdf",10.1016/j.jallcom.2026.189224,AgSbTe2,AgSb0.985Ni0.015Te2,AgSb0.985Ni0.015Te2,1,No,Ni,0.015,Sb,,Ni (0.015) @ Sb site,body text,,,623.0,13.099999999999998,uW/cm.K2
Effects_of_nano-domains_on_thermoelectric_properties_in_telluride_system.pdf,10.1109/NMDC.2011.6155313,AgSbTe2,AgSbTe2,AgSbTe2,0,No,,,,,,table,Table I,,623.0,12.3,uW/cm.K2
Enhanced Thermoelectric Properties of AgSb1–xPbxBiySe2 Achieved via Microwave Smelting Combined with Spark Plasma Sintering.pdf,10.1021/acsami.4c20502,AgSbSe2,AgSb0.955Pb0.045Bi0.025Se2,AgSb0.955Pb0.045Bi0.025Se2,2,Yes,Pb,0.045,Sb,Bi (0.025) @ unclear,Pb (0.045) @ Sb site; Bi (0.025) @ unclear site,body text,,,723.0,7.199999999999999,uW/cm.K2
Enhanced Thermoelectric Properties of AgSb1–xPbxBiySe2 Achieved via Microwave Smelting Combined with Spark Plasma Sintering.pdf,10.1021/acsami.4c20502,AgSbSe2,AgSb0.955Pb0.045Bi0.025Se2,AgSb0.955Pb0.045Bi0.025Se2,2,Yes,Pb,0.045,Sb,Bi (0.025) @ unclear,Pb (0.045) @ Sb site; Bi (0.025) @ unclear site,body text,,,723.0,7.3100000000000005,uW/cm.K2
Enhanced Thermoelectric Properties of AgSb1–xPbxBiySe2 Achieved via Microwave Smelting Combined with Spark Plasma Sintering.pdf,10.1021/acsami.4c20502,AgSbSe2,AgSb1-xPbxSe2 (x=0),AgSbSe2,0,No,,,,,,figure,Figure 2d,Visually estimated from Figure 2d,300.0,2.8,uW/cm.K2
Enhanced Thermoelectric Properties of AgSb1–xPbxBiySe2 Achieved via Microwave Smelting Combined with Spark Plasma Sintering.pdf,10.1021/acsami.4c20502,AgSbSe2,AgSb1-xPbxSe2 (x=0.05),AgSb0.95Pb0.05Se2,1,No,Pb,x=0.05,Sb,,Pb (x=0.05) @ Sb site,figure,Figure 2d,Visually estimated from Figure 2d,300.0,3.5,uW/cm.K2
Enhanced Thermoelectric Properties of AgSb1–xPbxBiySe2 Achieved via Microwave Smelting Combined with Spark Plasma Sintering.pdf,10.1021/acsami.4c20502,AgSbSe2,"AgSb1-xPbxBiSe2 (x=0, y=0)",AgSbTe2,0,No,,,,,,figure,Fig. 6d,Visually estimated from Fig. 6d,300.0,2.8,uW/cm.K2
Enhanced Thermoelectric Properties of AgSb1–xPbxBiySe2 Achieved via Microwave Smelting Combined with Spark Plasma Sintering.pdf,10.1021/acsami.4c20502,AgSbSe2,AgSb0.955Pb0.045Bi0.025Se2,AgSb0.955Pb0.045Bi0.025Se2,2,Yes,Pb,0.045,Sb,Bi (0.025) @ Sb,Pb (0.045) @ Sb site; Bi (0.025) @ Sb site,figure,Fig. 6d,Visually estimated from Fig. 6d,300.0,4.199999999999999,uW/cm.K2
Enhanced thermoelectric composite performance from graphene nanosheets additives in AgSbTe2 matrix.pdf,10.1016/j.ceramint.2022.06.092,AgSbTe2,0.9 vol% graphene/AgSbTe2,0.9 vol% graphene/AgSbTe2,1,No,graphene,0.9 vol%,interstitial,,graphene (0.9 vol%) @ interstitial site,body text,Page 6,,,13.0,uW/cm.K2
Enhanced thermoelectric composite performance from graphene nanosheets additives in AgSbTe2 matrix.pdf,10.1016/j.ceramint.2022.06.092,AgSbTe2,0 vol% graphene,AgSbTe2,0,No,,,,,,figure,Fig. 7d,Visually estimated from Fig. 7d,300.0,6.0,uW/cm.K2
Enhanced thermoelectric composite performance from graphene nanosheets additives in AgSbTe2 matrix.pdf,10.1016/j.ceramint.2022.06.092,AgSbTe2,0.6 vol% graphene,AgSbTe2 + 0.6 vol% graphene,1,No,graphene,0.6 vol%,interstitial,,graphene (0.6 vol%) @ interstitial site,figure,Fig. 7d,Visually estimated from Fig. 7d,300.0,7.0,uW/cm.K2
Enhanced thermoelectric composite performance from graphene nanosheets additives in AgSbTe2 matrix.pdf,10.1016/j.ceramint.2022.06.092,AgSbTe2,0.9 vol% graphene,AgSbTe2 + 0.9 vol% graphene,1,No,graphene,0.9 vol%,interstitial,,graphene (0.9 vol%) @ interstitial site,figure,Fig. 7d,Visually estimated from Fig. 7d,300.0,8.0,uW/cm.K2
Enhanced thermoelectric composite performance from graphene nanosheets additives in AgSbTe2 matrix.pdf,10.1016/j.ceramint.2022.06.092,AgSbTe2,1.2 vol% graphene,AgSbTe2 + 1.2 vol% graphene,1,No,graphene,1.2 vol%,interstitial,,graphene (1.2 vol%) @ interstitial site,figure,Fig. 7d,Visually estimated from Fig. 7d,300.0,7.499999999999999,uW/cm.K2
Enhanced thermoelectric performance and novel nanopores in AgSbTe2 prepared by melt spinning.pdf,10.1016/j.jssc.2010.10.036,AgSbTe2,MS-SPS,AgSbTe2,0,No,,,,,,body text,Section 3.2,,665.0,13.000000000000002,uW/cm.K2
Enhanced thermoelectric performance in AgSbTe2 with extremely low thermal conductivity via grain boundary defects.pdf,10.1063/5.0255308,AgSbTe2,AgSb1-xFexTe2.01 (x=0),AgSbTe2.01,0,No,,,,,,body text,Page 4,,323.0,8.5,uW/cm.K2
Enhanced thermoelectric performance in AgSbTe2 with extremely low thermal conductivity via grain boundary defects.pdf,10.1063/5.0255308,AgSbTe2,AgSb1-xFexTe2.01 (x=0.03),AgSb0.97Fe0.03Te2.01,1,No,Fe,x=0.03,Sb,,Fe (x=0.03) @ Sb site,body text,Page 4,,323.0,12.0,uW/cm.K2
Enhanced thermoelectric performance in AgSbTe2 with extremely low thermal conductivity via grain boundary defects.pdf,10.1063/5.0255308,AgSbTe2,AgSb1-xFexTe2.01 (x=0.03),AgSb0.97Fe0.03Te2.01,1,No,Fe,x=0.03,Sb,,Fe (x=0.03) @ Sb site,body text,Page 4,,523.0,16.499999999999996,uW/cm.K2
Enhanced thermoelectric performance in AgSbTe2 with extremely low thermal conductivity via grain boundary defects.pdf,10.1063/5.0255308,AgSbTe2,AgSb1-xFe_xTe2.01 (x=0),AgSbTe2.01,1,No,Fe,0,unclear,,Fe (0) @ unclear site,figure,,Visually estimated from Fig. 1(c),323.0,8.0,uW/cm.K2
Enhanced thermoelectric performance in AgSbTe2 with extremely low thermal conductivity via grain boundary defects.pdf,10.1063/5.0255308,AgSbTe2,AgSb1-xFe_xTe2.01 (x=0),AgSbTe2.01,1,No,Fe,0,unclear,,Fe (0) @ unclear site,figure,,Visually estimated from Fig. 1(c),623.0,10.0,uW/cm.K2
Enhanced thermoelectric performance in AgSbTe2 with extremely low thermal conductivity via grain boundary defects.pdf,10.1063/5.0255308,AgSbTe2,AgSb1-xFe_xTe2.01 (x=0.01),AgSb0.99Fe0.01Te2.01,1,No,Fe,0.01,Sb,,Fe (0.01) @ Sb site,figure,,Visually estimated from Fig. 1(c),323.0,10.0,uW/cm.K2
Enhanced thermoelectric performance in AgSbTe2 with extremely low thermal conductivity via grain boundary defects.pdf,10.1063/5.0255308,AgSbTe2,AgSb1-xFe_xTe2.01 (x=0.01),AgSb0.99Fe0.01Te2.01,1,No,Fe,0.01,Sb,,Fe (0.01) @ Sb site,figure,,Visually estimated from Fig. 1(c),623.0,14.0,uW/cm.K2
Enhanced thermoelectric performance in AgSbTe2 with extremely low thermal conductivity via grain boundary defects.pdf,10.1063/5.0255308,AgSbTe2,AgSb1-xFe_xTe2.01 (x=0.03),AgSb0.97Fe0.03Te2.01,1,No,Fe,0.03,Sb,,Fe (0.03) @ Sb site,figure,,Visually estimated from Fig. 1(c),323.0,12.0,uW/cm.K2
Enhanced thermoelectric performance in AgSbTe2 with extremely low thermal conductivity via grain boundary defects.pdf,10.1063/5.0255308,AgSbTe2,AgSb1-xFe_xTe2.01 (x=0.03),AgSb0.97Fe0.03Te2.01,1,No,Fe,0.03,Sb,,Fe (0.03) @ Sb site,figure,,Visually estimated from Fig. 1(c),623.0,16.0,uW/cm.K2
Enhanced thermoelectric performance of p-type sintered BiSbTe-based composites with AgSbTe2 addition.pdf,10.1016/j.ceramint.2020.08.182,BST (Bi0.5Sb1.5Te3) with AgSbTe2 addition,BST-0 wt% AgSbTe2,Bi0.48Sb1.52Te3,1,No,AgSbTe2,0 wt%,unclear,,AgSbTe2 (0 wt%) @ unclear site,body text,,,300.0,36.0,uW/cm.K2
Enhanced thermoelectric performance of p-type sintered BiSbTe-based composites with AgSbTe2 addition.pdf,10.1016/j.ceramint.2020.08.182,BST (Bi0.5Sb1.5Te3) with AgSbTe2 addition,BST-0.1 wt% AgSbTe2,Bi0.48Sb1.52Te3-0.1 wt% AgSbTe2,1,No,AgSbTe2,0.1 wt%,multiple sites,,AgSbTe2 (0.1 wt%) @ multiple sites site,body text,,,300.0,46.0,uW/cm.K2
Enhanced thermoelectric performance of p-type sintered BiSbTe-based composites with AgSbTe2 addition.pdf,10.1016/j.ceramint.2020.08.182,BST (Bi0.5Sb1.5Te3) with AgSbTe2 addition,BST-0 wt% AgSbTe2,Bi0.48Sb1.52Te3,1,No,Ag,0 wt%,unclear,,Ag (0 wt%) @ unclear site,body text,,Room temperature value,,36.0,uW/cm.K2
Enhanced thermoelectric performance of p-type sintered BiSbTe-based composites with AgSbTe2 addition.pdf,10.1016/j.ceramint.2020.08.182,BST (Bi0.5Sb1.5Te3) with AgSbTe2 addition,BST-0.1 wt% AgSbTe2,Bi0.48Sb1.52Te3 + 0.1 wt% AgSbTe2,1,No,Ag,0.1 wt%,multiple sites,,Ag (0.1 wt%) @ multiple sites site,body text,,At 300 K,,46.0,uW/cm.K2
Enhanced thermoelectric performance of.pdf,10.1063/1.3106102,AgSbTe2,AgSbTe2 synthesized by HPHT,AgSbTe2,0,No,,,,,,figure,Fig. 4,Visually estimated from Fig. 4,300.0,8.000000000000002,uW/cm.K2
Enhanced thermoelectric performance of.pdf,10.1063/1.3106102,AgSbTe2,AgSbTe2 synthesized by HPHT,AgSbTe2,0,No,,,,,,figure,Fig. 4,Visually estimated from Fig. 4,513.0,15.5,uW/cm.K2
Enhanced thermoelectric properties of AgSbTe2 obtained by controlling heterophases with Ce doping.pdf,10.1038/s41598-017-04885-1,AgSbTe2,x = 0.002,AgSb0.998Ce0.002Te2,1,No,Ce,x = 0.002,Sb,,Ce (x = 0.002) @ Sb site,body text,Page 4,,673.0,15.5,uW/cm.K2
Excellent thermoelectric performance achieved over broad temperature plateau in indium-doped SnTe-AgSbTe2 alloys.pdf,10.1063/1.5018477,SnTe-AgSbTe2,"(Sn0.995In0.005Te)1-x(Ag0.366Sb0.558Te)x, x=0.05",(Sn0.995In0.005Te)0.95(Ag0.366Sb0.558Te)0.05,3,Yes,In,0.005,Sn,Ag (0.05 * 0.366) @ multiple sites; Sb (0.05 * 0.558) @ multiple sites,In (0.005) @ Sn site; Ag (0.05 * 0.366) @ multiple sites site; Sb (0.05 * 0.558) @ multiple sites site,figure,,Visually estimated from Fig. 4c,873.0,22.0,uW/cm.K2
Excellent thermoelectric performance achieved over broad temperature plateau in indium-doped SnTe-AgSbTe2 alloys.pdf,10.1063/1.5018477,SnTe-AgSbTe2,"(Sn0.995In0.005Te)1-x(Ag0.366Sb0.558Te)x, x=0.20",(Sn0.995In0.005Te)0.8(Ag0.366Sb0.558Te)0.2,3,Yes,In,0.005,Sn,Ag (0.2 * 0.366) @ multiple sites; Sb (0.2 * 0.558) @ multiple sites,In (0.005) @ Sn site; Ag (0.2 * 0.366) @ multiple sites site; Sb (0.2 * 0.558) @ multiple sites site,figure,,Visually estimated from Fig. 4c,873.0,28.0,uW/cm.K2
Ge-induced cation ordering for enhanced thermoelectric performance in AgSbTe2.pdf,10.1039/d5ta10429g,AgSbTe2,AgSbTe2,AgSbTe2,0,No,,,,,,text,Results and discussion section,,300.0,8.3,uW/cm.K2
Ge-induced cation ordering for enhanced thermoelectric performance in AgSbTe2.pdf,10.1039/d5ta10429g,AgSbTe2,AgSb0.94Ge0.06Te2,AgSb0.94Ge0.06Te2,1,No,Ge,0.06,Sb,,Ge (0.06) @ Sb site,text,Results and discussion section,,300.0,11.9,uW/cm.K2
Ge-induced cation ordering for enhanced thermoelectric performance in AgSbTe2.pdf,10.1039/d5ta10429g,AgSbTe2,AgSb1-xGexTe2 (x=0.00),AgSbTe2,1,No,Ge,0,Sb,,Ge (0) @ Sb site,figure,,Visually estimated from Fig. 3c,300.0,11.000000000000002,uW/cm.K2
Ge-induced cation ordering for enhanced thermoelectric performance in AgSbTe2.pdf,10.1039/d5ta10429g,AgSbTe2,AgSb1-xGexTe2 (x=0.04),AgSb0.96Ge0.04Te2,1,No,Ge,0.04,Sb,,Ge (0.04) @ Sb site,figure,,Visually estimated from Fig. 3c,300.0,11.999999999999998,uW/cm.K2
Ge-induced cation ordering for enhanced thermoelectric performance in AgSbTe2.pdf,10.1039/d5ta10429g,AgSbTe2,AgSb1-xGexTe2 (x=0.06),AgSb0.94Ge0.06Te2,1,No,Ge,0.06,Sb,,Ge (0.06) @ Sb site,figure,,Visually estimated from Fig. 3c,300.0,11.5,uW/cm.K2
Ge-induced cation ordering for enhanced thermoelectric performance in AgSbTe2.pdf,10.1039/d5ta10429g,AgSbTe2,AgSb1-xGexTe2 (x=0.08),AgSb0.92Ge0.08Te2,1,No,Ge,0.08,Sb,,Ge (0.08) @ Sb site,figure,,Visually estimated from Fig. 3c,300.0,8.5,uW/cm.K2
High Power Factor of HPHT-Sintered GeTe-AgSbTe2 Alloys.pdf,10.1007/s11664-010-1383-1,TAGS-85 (GeTe-AgSbTe2 alloy),A,(GeTe)0.85(AgSbTe2)0.15,0,No,,,,,,Table 1,,,,28.1,uW/cm.K2
High Power Factor of HPHT-Sintered GeTe-AgSbTe2 Alloys.pdf,10.1007/s11664-010-1383-1,TAGS-85 (GeTe-AgSbTe2 alloy),B,(GeTe)0.85(AgSbTe2)0.15,0,No,,,,,,Table 1,,,,32.50000000000001,uW/cm.K2
High Power Factor of HPHT-Sintered GeTe-AgSbTe2 Alloys.pdf,10.1007/s11664-010-1383-1,TAGS-85 (GeTe-AgSbTe2 alloy),C,(GeTe)0.85(AgSbTe2)0.15,0,No,,,,,,Table 1,,,,38.5,uW/cm.K2
High Power Factor of HPHT-Sintered GeTe-AgSbTe2 Alloys.pdf,10.1007/s11664-010-1383-1,TAGS-85 (GeTe-AgSbTe2 alloy),D,(GeTe)0.85(AgSbTe2)0.15,0,No,,,,,,Table 1,,,,43.2,uW/cm.K2
High Power Factor of HPHT-Sintered GeTe-AgSbTe2 Alloys.pdf,10.1007/s11664-010-1383-1,TAGS-85 (GeTe-AgSbTe2 alloy),E,(GeTe)0.85(AgSbTe2)0.15,0,No,,,,,,Table 1,,,,37.1,uW/cm.K2
High Power Factor of HPHT-Sintered GeTe-AgSbTe2 Alloys.pdf,10.1007/s11664-010-1383-1,TAGS-85 (GeTe-AgSbTe2 alloy),F,(GeTe)0.85(AgSbTe2)0.15,0,No,,,,,,Table 1,,,,31.4,uW/cm.K2
High Power Factor of HPHT-Sintered GeTe-AgSbTe2 Alloys.pdf,10.1007/s11664-010-1383-1,TAGS-85 (GeTe-AgSbTe2 alloy),TAGS-85,(GeTe)0.85(AgSbTe2)0.15,0,No,,,,,,table,"Table I, Sample A",,,28.1,uW/cm.K2
High Power Factor of HPHT-Sintered GeTe-AgSbTe2 Alloys.pdf,10.1007/s11664-010-1383-1,TAGS-85 (GeTe-AgSbTe2 alloy),TAGS-85,(GeTe)0.85(AgSbTe2)0.15,0,No,,,,,,table,"Table I, Sample B",,,32.50000000000001,uW/cm.K2
High Power Factor of HPHT-Sintered GeTe-AgSbTe2 Alloys.pdf,10.1007/s11664-010-1383-1,TAGS-85 (GeTe-AgSbTe2 alloy),TAGS-85,(GeTe)0.85(AgSbTe2)0.15,0,No,,,,,,table,"Table I, Sample C",,,38.5,uW/cm.K2
High Power Factor of HPHT-Sintered GeTe-AgSbTe2 Alloys.pdf,10.1007/s11664-010-1383-1,TAGS-85 (GeTe-AgSbTe2 alloy),TAGS-85,(GeTe)0.85(AgSbTe2)0.15,0,No,,,,,,table,"Table I, Sample D",,,43.2,uW/cm.K2
High Power Factor of HPHT-Sintered GeTe-AgSbTe2 Alloys.pdf,10.1007/s11664-010-1383-1,TAGS-85 (GeTe-AgSbTe2 alloy),TAGS-85,(GeTe)0.85(AgSbTe2)0.15,0,No,,,,,,table,"Table I, Sample E",,,37.1,uW/cm.K2
High Power Factor of HPHT-Sintered GeTe-AgSbTe2 Alloys.pdf,10.1007/s11664-010-1383-1,TAGS-85 (GeTe-AgSbTe2 alloy),TAGS-85,(GeTe)0.85(AgSbTe2)0.15,0,No,,,,,,table,"Table I, Sample F",,,31.4,uW/cm.K2
High Power Factor of HPHT-Sintered GeTe-AgSbTe2 Alloys.pdf,10.1007/s11664-010-1383-1,TAGS-85 (GeTe-AgSbTe2 alloy),A,TAGS-85,0,No,,,,,,figure,Fig. 5,Visually estimated from Fig. 5,300.0,15.0,uW/cm.K2
High Power Factor of HPHT-Sintered GeTe-AgSbTe2 Alloys.pdf,10.1007/s11664-010-1383-1,TAGS-85 (GeTe-AgSbTe2 alloy),A,TAGS-85,0,No,,,,,,figure,Fig. 5,Visually estimated from Fig. 5,700.0,22.000000000000004,uW/cm.K2
High Power Factor of HPHT-Sintered GeTe-AgSbTe2 Alloys.pdf,10.1007/s11664-010-1383-1,TAGS-85 (GeTe-AgSbTe2 alloy),B,TAGS-85,0,No,,,,,,figure,Fig. 5,Visually estimated from Fig. 5,300.0,15.0,uW/cm.K2
High Power Factor of HPHT-Sintered GeTe-AgSbTe2 Alloys.pdf,10.1007/s11664-010-1383-1,TAGS-85 (GeTe-AgSbTe2 alloy),B,TAGS-85,0,No,,,,,,figure,Fig. 5,Visually estimated from Fig. 5,700.0,33.0,uW/cm.K2
High Power Factor of HPHT-Sintered GeTe-AgSbTe2 Alloys.pdf,10.1007/s11664-010-1383-1,TAGS-85 (GeTe-AgSbTe2 alloy),C,TAGS-85,0,No,,,,,,figure,Fig. 5,Visually estimated from Fig. 5,300.0,15.0,uW/cm.K2
High Power Factor of HPHT-Sintered GeTe-AgSbTe2 Alloys.pdf,10.1007/s11664-010-1383-1,TAGS-85 (GeTe-AgSbTe2 alloy),C,TAGS-85,0,No,,,,,,figure,Fig. 5,Visually estimated from Fig. 5,700.0,35.00000000000001,uW/cm.K2
High Power Factor of HPHT-Sintered GeTe-AgSbTe2 Alloys.pdf,10.1007/s11664-010-1383-1,TAGS-85 (GeTe-AgSbTe2 alloy),D,TAGS-85,0,No,,,,,,figure,Fig. 5,Visually estimated from Fig. 5,300.0,15.0,uW/cm.K2
High Power Factor of HPHT-Sintered GeTe-AgSbTe2 Alloys.pdf,10.1007/s11664-010-1383-1,TAGS-85 (GeTe-AgSbTe2 alloy),D,TAGS-85,0,No,,,,,,figure,Fig. 5,Visually estimated from Fig. 5,700.0,42.00000000000001,uW/cm.K2
High Power Factor of HPHT-Sintered GeTe-AgSbTe2 Alloys.pdf,10.1007/s11664-010-1383-1,TAGS-85 (GeTe-AgSbTe2 alloy),E,TAGS-85,0,No,,,,,,figure,Fig. 5,Visually estimated from Fig. 5,300.0,15.0,uW/cm.K2
High Power Factor of HPHT-Sintered GeTe-AgSbTe2 Alloys.pdf,10.1007/s11664-010-1383-1,TAGS-85 (GeTe-AgSbTe2 alloy),E,TAGS-85,0,No,,,,,,figure,Fig. 5,Visually estimated from Fig. 5,700.0,35.00000000000001,uW/cm.K2
Improved Thermoelectric Properties in Structure Controlled Ag-Sb-Te System.pdf,,AgSbTe2,Ag0.208Sb0.275Te0.517 (A),Ag0.208Sb0.275Te0.517,0,No,,,,,,Table 1,,,,4.5,uW/cm.K2
Improved Thermoelectric Properties in Structure Controlled Ag-Sb-Te System.pdf,,AgSbTe2,Ag0.208Sb0.275Te0.517 (B),Ag0.208Sb0.275Te0.517,0,No,,,,,,Table 1,,,,6.910000000000001,uW/cm.K2
Impurity band engineering and hierarchical defect scattering enable high zT in Co-doped AgSbTe2.pdf,10.1039/d5ta09240j,AgSbTe2,AgSb1-xCoxTe2 (x=0),AgSbTe2,0,No,,,,,,figure,Fig. 6c,Visually estimated from Fig. 6c,298.0,2.0,uW/cm.K2
Impurity band engineering and hierarchical defect scattering enable high zT in Co-doped AgSbTe2.pdf,10.1039/d5ta09240j,AgSbTe2,AgSb1-xCoxTe2 (x=0.03),AgSb0.97Co0.03Te2,1,No,Co,x=0.03,Sb,,Co (x=0.03) @ Sb site,figure,Fig. 6c,Visually estimated from Fig. 6c,298.0,4.0,uW/cm.K2
Impurity phase elimination enabled high thermoelectric and mechanical performance in GeTe alloyed with AgSbSe2.pdf,10.1016/j.tramat.2025.100062,GeTe-AgSbTe2,(GeTe)80(AgSbSe2)20,(GeTe)80(AgSbSe2)20,3,Yes,Ag,AgSbSe2 alloying,Ag,Sb (AgSbSe2 alloying) @ Sb; Se (AgSbSe2 alloying) @ Te,Ag (AgSbSe2 alloying) @ Ag site; Sb (AgSbSe2 alloying) @ Sb site; Se (AgSbSe2 alloying) @ Te site,body text,,,748.0,18.8,uW/cm.K2
Impurity phase elimination enabled high thermoelectric and mechanical performance in GeTe alloyed with AgSbSe2.pdf,10.1016/j.tramat.2025.100062,GeTe-AgSbTe2,(GeTe)80(AgSbTe2)20,(GeTe)80(AgSbTe2)20,2,Yes,Ag,20 mol%,unclear,Sb (20 mol%) @ unclear,Ag (20 mol%) @ unclear site; Sb (20 mol%) @ unclear site,body text,page 6,,748.0,18.8,uW/cm.K2
Influence of In doping on the thermoelectric properties of an AgSbTe2 compound with enhanced figure of merit.pdf,10.1039/c3ta14547f,AgSbTe2,Ag(Sb0.93In0.07)Te2,Ag(Sb0.93In0.07)Te2,1,No,In,0.07,Sb,,In (0.07) @ Sb site,body text,,,450.0,13.500000000000002,uW/cm.K2
Influence of In doping on the thermoelectric properties of an AgSbTe2 compound with enhanced figure of merit.pdf,10.1039/c3ta14547f,AgSbTe2,AgSbTe2 (x=0),AgSbTe2,0,No,,,,,,figure,Fig. 3d,Visually estimated from Fig. 3d,300.0,10.500000000000002,uW/cm.K2
Influence of In doping on the thermoelectric properties of an AgSbTe2 compound with enhanced figure of merit.pdf,10.1039/c3ta14547f,AgSbTe2,Ag(Sb0.97In0.03)Te2 (x=0.03),Ag(Sb0.97In0.03)Te2,1,No,In,x=0.03,Sb,,In (x=0.03) @ Sb site,figure,Fig. 3d,Visually estimated from Fig. 3d,300.0,11.5,uW/cm.K2
Influence of In doping on the thermoelectric properties of an AgSbTe2 compound with enhanced figure of merit.pdf,10.1039/c3ta14547f,AgSbTe2,Ag(Sb0.95In0.05)Te2 (x=0.05),Ag(Sb0.95In0.05)Te2,1,No,In,x=0.05,Sb,,In (x=0.05) @ Sb site,figure,Fig. 3d,Visually estimated from Fig. 3d,300.0,11.999999999999998,uW/cm.K2
Influence of In doping on the thermoelectric properties of an AgSbTe2 compound with enhanced figure of merit.pdf,10.1039/c3ta14547f,AgSbTe2,Ag(Sb0.93In0.07)Te2 (x=0.07),Ag(Sb0.93In0.07)Te2,1,No,In,x=0.07,Sb,,In (x=0.07) @ Sb site,figure,Fig. 3d,Visually estimated from Fig. 3d,300.0,12.5,uW/cm.K2
Influence of nanoscale Ag2 Te precipitates on the thermoelectric properties of the Sn doped P-type AgSbTe2 compound.pdf,10.1063/1.4896435,AgSbTe2,Ag(Sb0.97Sn0.03)Te2,Ag0.99Sb0.98Sn0.027Te2,1,No,Sn,x = 0.03,Sb,,Sn (x = 0.03) @ Sb site,body text,,,600.0,13.8,uW/cm.K2
Influence of nanoscale Ag2 Te precipitates on the thermoelectric properties of the Sn doped P-type AgSbTe2 compound.pdf,10.1063/1.4896435,AgSbTe2,"Ag(Sb1-xSnx)Te2, x=0.01",AgSb0.99Sn0.01Te2,1,No,Sn,x=0.01,Sb,,Sn (x=0.01) @ Sb site,figure,,Visually estimated from Fig. 4c,300.0,2.5,uW/cm.K2
Influence of nanoscale Ag2 Te precipitates on the thermoelectric properties of the Sn doped P-type AgSbTe2 compound.pdf,10.1063/1.4896435,AgSbTe2,"Ag(Sb1-xSnx)Te2, x=0.03",AgSb0.97Sn0.03Te2,1,No,Sn,x=0.03,Sb,,Sn (x=0.03) @ Sb site,figure,,Visually estimated from Fig. 4c,300.0,7.0,uW/cm.K2
Influence of nanoscale Ag2 Te precipitates on the thermoelectric properties of the Sn doped P-type AgSbTe2 compound.pdf,10.1063/1.4896435,AgSbTe2,"Ag(Sb1-xSnx)Te2, x=0.05",AgSb0.95Sn0.05Te2,1,No,Sn,x=0.05,Sb,,Sn (x=0.05) @ Sb site,figure,,Visually estimated from Fig. 4c,300.0,2.9999999999999996,uW/cm.K2
Influence of nanoscale Ag2 Te precipitates on the thermoelectric properties of the Sn doped P-type AgSbTe2 compound.pdf,10.1063/1.4896435,AgSbTe2,"Ag(Sb1-xSnx)Te2, x=0.07",AgSb0.93Sn0.07Te2,1,No,Sn,x=0.07,Sb,,Sn (x=0.07) @ Sb site,figure,,Visually estimated from Fig. 4c,300.0,2.5,uW/cm.K2
Ioffe–Regel limit and lattice thermal conductivity reduction of high performance (AgSbTe2)15(GeTe)85 thermoelectric materials.pdf,10.1039/c3ta15147f,(AgSbTe2)15(GeTe)85,0.4 AQ,(Ag0.4SbTe2/2+1.5)15(GeTe)85,1,No,Ag,0.4,unclear,,Ag (0.4) @ unclear site,figure,Fig. 1c,Visually estimated from Fig. 1c,300.0,16.0,uW/cm.K2
Ioffe–Regel limit and lattice thermal conductivity reduction of high performance (AgSbTe2)15(GeTe)85 thermoelectric materials.pdf,10.1039/c3ta15147f,(AgSbTe2)15(GeTe)85,0.4 MS,(Ag0.4SbTe2/2+1.5)15(GeTe)85,1,No,Ag,0.4,unclear,,Ag (0.4) @ unclear site,figure,Fig. 3c,Visually estimated from Fig. 3c,300.0,12.0,uW/cm.K2
Large Mobility Enables Higher Thermoelectric Cooling and Power Generation Performance in n‑type AgPb18+xSbTe20 Crystals.pdf,10.1021/jacs.3c09655,AgPb18+xSbTe20,AgPb18SbTe20,AgPb18SbTe20,1,No,Pb,18,unclear,,Pb (18) @ unclear site,body text,,,303.0,21.3,uW/cm.K2
Large Mobility Enables Higher Thermoelectric Cooling and Power Generation Performance in n‑type AgPb18+xSbTe20 Crystals.pdf,10.1021/jacs.3c09655,AgPb18+xSbTe20,AgPb18.4SbTe20,AgPb18.4SbTe20,1,No,Pb,18.4,unclear,,Pb (18.4) @ unclear site,body text,,,303.0,37.8,uW/cm.K2
Large Mobility Enables Higher Thermoelectric Cooling and Power Generation Performance in n‑type AgPb18+xSbTe20 Crystals.pdf,10.1021/jacs.3c09655,AgPb18+xSbTe20,AgPb18.5SbTe20,AgPb18.5SbTe20,1,No,Pb,18.5,unclear,,Pb (18.5) @ unclear site,body text,,,303.0,38.2,uW/cm.K2
Large Mobility Enables Higher Thermoelectric Cooling and Power Generation Performance in n‑type AgPb18+xSbTe20 Crystals.pdf,10.1021/jacs.3c09655,AgPb18+xSbTe20,Polycrystalline AgPb18.4SbTe20,AgPb18.4SbTe20,1,No,Pb,18.4,unclear,,Pb (18.4) @ unclear site,body text,,,303.0,8.0,uW/cm.K2
"Large-scale production of (GeTe)x(AgSbTe2)100−x (x=75, 80, 85, 90) with enhanced thermoelectric properties via gas-atomization and spark plasma sintering.pdf",10.1016/j.actamat.2017.01.053,(GeTe)x(AgSbTe2)100-x,TAGS-90,(GeTe)90(AgSbTe2)10,0,No,,,,,,text,Section 3.2,,698.0,41.76,uW/cm.K2
"Large-scale production of (GeTe)x(AgSbTe2)100−x (x=75, 80, 85, 90) with enhanced thermoelectric properties via gas-atomization and spark plasma sintering.pdf",10.1016/j.actamat.2017.01.053,(GeTe)x(AgSbTe2)100-x,TAGS-75,(GeTe)75(AgSbTe2)25,1,No,Ge,75 mol%,multiple sites,,Ge (75 mol%) @ multiple sites site,figure,Fig. 7c,visually estimated from figure,300.0,11.999999999999998,uW/cm.K2
Optimized Carrier Concentration and Reduced Thermal Conductivity in Cu-Deficient CuGaTe2 Alloyed with AgSbTe2 for Superior Thermoelectric Performance.pdf,10.1021/acsami.6c05111,Cu0.96GaTe2-AgSbTe2,"(Cu0.96GaTe2)1-x(AgSbTe2)x, x=0",(Cu0.96GaTe2)1-x(AgSbTe2)x,2,Yes,Ag,x=0,unclear,Sb (x=0) @ unclear,Ag (x=0) @ unclear site; Sb (x=0) @ unclear site,figure,,Visually estimated from Fig. 5c,300.0,0.5000000000000001,uW/cm.K2
Optimized Carrier Concentration and Reduced Thermal Conductivity in Cu-Deficient CuGaTe2 Alloyed with AgSbTe2 for Superior Thermoelectric Performance.pdf,10.1021/acsami.6c05111,Cu0.96GaTe2-AgSbTe2,"(Cu0.96GaTe2)1-x(AgSbTe2)x, x=0.02",(Cu0.96GaTe2)0.98(AgSbTe2)0.02,2,Yes,Ag,x=0.02,unclear,Sb (x=0.02) @ unclear,Ag (x=0.02) @ unclear site; Sb (x=0.02) @ unclear site,figure,,Visually estimated from Fig. 5c,300.0,1.0000000000000002,uW/cm.K2
Optimized Carrier Concentration and Reduced Thermal Conductivity in Cu-Deficient CuGaTe2 Alloyed with AgSbTe2 for Superior Thermoelectric Performance.pdf,10.1021/acsami.6c05111,Cu0.96GaTe2-AgSbTe2,"(Cu0.96GaTe2)1-x(AgSbTe2)x, x=0.04",(Cu0.96GaTe2)0.96(AgSbTe2)0.04,2,Yes,Ag,x=0.04,unclear,Sb (x=0.04) @ unclear,Ag (x=0.04) @ unclear site; Sb (x=0.04) @ unclear site,figure,,Visually estimated from Fig. 5c,300.0,1.4999999999999998,uW/cm.K2
Optimized Carrier Concentration and Reduced Thermal Conductivity in Cu-Deficient CuGaTe2 Alloyed with AgSbTe2 for Superior Thermoelectric Performance.pdf,10.1021/acsami.6c05111,Cu0.96GaTe2-AgSbTe2,"(Cu0.96GaTe2)1-x(AgSbTe2)x, x=0.06",(Cu0.96GaTe2)0.94(AgSbTe2)0.06,2,Yes,Ag,x=0.06,unclear,Sb (x=0.06) @ unclear,Ag (x=0.06) @ unclear site; Sb (x=0.06) @ unclear site,figure,,Visually estimated from Fig. 5c,300.0,2.0000000000000004,uW/cm.K2
Optimized Carrier Concentration and Reduced Thermal Conductivity in Cu-Deficient CuGaTe2 Alloyed with AgSbTe2 for Superior Thermoelectric Performance.pdf,10.1021/acsami.6c05111,Cu0.96GaTe2-AgSbTe2,"(Cu0.96GaTe2)1-x(AgSbTe2)x, x=0.08",(Cu0.96GaTe2)0.92(AgSbTe2)0.08,2,Yes,Ag,x=0.08,unclear,Sb (x=0.08) @ unclear,Ag (x=0.08) @ unclear site; Sb (x=0.08) @ unclear site,figure,,Visually estimated from Fig. 5c,300.0,2.5,uW/cm.K2
Optimized Carrier Concentration and Reduced Thermal Conductivity in Cu-Deficient CuGaTe2 Alloyed with AgSbTe2 for Superior Thermoelectric Performance.pdf,10.1021/acsami.6c05111,Cu0.96GaTe2-AgSbTe2,"(Cu0.96GaTe2)1-x(AgSbTe2)x, x=0.10",(Cu0.96GaTe2)0.9(AgSbTe2)0.1,2,Yes,Ag,x=0.10,unclear,Sb (x=0.10) @ unclear,Ag (x=0.10) @ unclear site; Sb (x=0.10) @ unclear site,figure,,Visually estimated from Fig. 5c,300.0,2.9999999999999996,uW/cm.K2
Optimized Carrier Concentration and Reduced Thermal Conductivity in Cu-Deficient CuGaTe2 Alloyed with AgSbTe2 for Superior Thermoelectric Performance.pdf,10.1021/acsami.6c05111,Cu0.96GaTe2-AgSbTe2,"(Cu0.96GaTe2)1-x(AgSbTe2)x, x=0.11",(Cu0.96GaTe2)0.89(AgSbTe2)0.11,2,Yes,Ag,x=0.11,unclear,Sb (x=0.11) @ unclear,Ag (x=0.11) @ unclear site; Sb (x=0.11) @ unclear site,figure,,Visually estimated from Fig. 5c,300.0,3.5,uW/cm.K2
Optimized Thermoelectric Properties of AgSbTe2 through Adjustment of.pdf,10.1007/s13391-014-4152-0,AgSbTe2,AST-473-500,AgSbTe2,0,No,,,,,,body text,,,418.0,16.2,uW/cm.K2
"Phase compositions, nanoscale microstructures and thermoelectric properties in Ag2−ySbyTe1+y alloys with precipitated Sb2Te3 plates.pdf",10.1016/j.actamat.2010.04.007,Ag2-ySbTe1+y,Ag0.65Sb1.35Te2.35,Ag0.65Sb1.35Te2.35,1,No,Sb,1.35,unclear,,Sb (1.35) @ unclear site,body text,,,600.0,17.0,uW/cm.K2
Preparation and transport properties of AgSbTe2 by high-pressure and high-temperature.pdf,10.1016/j.jallcom.2006.12.126,AgSbTe2,2.0 GPa,AgSbTe2,0,No,,,,,,body text,"Page 1, Abstract",,,10.299999999999999,uW/cm.K2
Preparation and transport properties of AgSbTe2 by high-pressure and high-temperature.pdf,10.1016/j.jallcom.2006.12.126,AgSbTe2,5.2 GPa,AgSbTe2,0,No,,,,,,body text,"Page 3, Section 3",,,10.299999999999999,uW/cm.K2
Preparation and transport properties of AgSbTe2 by high-pressure and high-temperature.pdf,10.1016/j.jallcom.2006.12.126,AgSbTe2,AgSbTe2 synthesized at 2.0 GPa,AgSbTe2,0,No,,,,,,figure,,Visually estimated from Fig. 5.,,4.199999999999999,uW/cm.K2
Preparation and transport properties of AgSbTe2 by high-pressure and high-temperature.pdf,10.1016/j.jallcom.2006.12.126,AgSbTe2,AgSbTe2 synthesized at 3.5 GPa,AgSbTe2,0,No,,,,,,figure,,Visually estimated from Fig. 5.,,6.5,uW/cm.K2
Preparation and transport properties of AgSbTe2 by high-pressure and high-temperature.pdf,10.1016/j.jallcom.2006.12.126,AgSbTe2,AgSbTe2 synthesized at 5.2 GPa,AgSbTe2,0,No,,,,,,figure,,Visually estimated from Fig. 5.,,10.299999999999999,uW/cm.K2
Rational design of entropy-driven AgSnSbTe3 with enhanced thermoelectric efficiency index for sustainable waste heat recovery.pdf,10.1039/d5se00534e,AgSnSbTe3,AgSnSbTe3 (This work),AgSnSbTe3,0,No,,,,,,figure,,Visually estimated from Fig. 3c,300.0,8.2,uW/cm.K2
Rational design of entropy-driven AgSnSbTe3 with enhanced thermoelectric efficiency index for sustainable waste heat recovery.pdf,10.1039/d5se00534e,AgSnSbTe3,AgSnSbTe3 (This work),AgSnSbTe3,0,No,,,,,,figure,,Visually estimated from Fig. 3c,600.0,13.8,uW/cm.K2
Reduced cation disorder and rational design of Ag2Te formation via stepwise optimization strategy to achieve high thermoelectric performance in AgSbTe2.pdf,10.1016/j.jmst.2025.08.053,AgSbTe2,(Ag0.97SbTe2)0.994(Sb2Te3)0.006,(Ag0.97SbTe2)0.994(Sb2Te3)0.006,2,Yes,Ag vacancy,0.03,Ag,Sb2Te3 (0.006) @ unclear,Ag vacancy (0.03) @ Ag site; Sb2Te3 (0.006) @ unclear site,body text,,,514.0,18.2,uW/cm.K2
Small - 2025 - Iqbal - Realizing High Wide‐Temperature‐Range Thermoelectric Performance in Ga  I  and S co‐doped AgSbTe2.pdf,10.1002/smll.202506235,AgSbTe2,AgSb0.98Ga0.02Te1.84S0.10I0.06,AgSb0.98Ga0.02Te1.84S0.10I0.06,3,Yes,Ga,0.02,Sb,S (0.10) @ Te; I (0.06) @ Te,Ga (0.02) @ Sb site; S (0.10) @ Te site; I (0.06) @ Te site,body text,,,625.0,17.9,uW/cm.K2
Small - 2025 - Iqbal - Realizing High Wide‐Temperature‐Range Thermoelectric Performance in Ga  I  and S co‐doped AgSbTe2.pdf,10.1002/smll.202506235,AgSbTe2,AgSb0.97Ga0.03Te1.76S0.15I0.09,AgSb0.97Ga0.03Te1.76S0.15I0.09,3,Yes,Ga,0.03,Sb,S (0.15) @ Te; I (0.09) @ Te,Ga (0.03) @ Sb site; S (0.15) @ Te site; I (0.09) @ Te site,body text,,Average power factor (PFave),,15.12,uW/cm.K2
Small - 2025 - Iqbal - Realizing High Wide‐Temperature‐Range Thermoelectric Performance in Ga  I  and S co‐doped AgSbTe2.pdf,10.1002/smll.202506235,AgSbTe2,AgSb0.98Ga0.02Te1.94I0.06,AgSb0.98Ga0.02Te1.94I0.06,2,Yes,Ga,0.02,Sb,I (0.06) @ Te,Ga (0.02) @ Sb site; I (0.06) @ Te site,body text,,,300.0,12.959999999999999,uW/cm.K2
Small - 2025 - Iqbal - Realizing High Wide‐Temperature‐Range Thermoelectric Performance in Ga  I  and S co‐doped AgSbTe2.pdf,10.1002/smll.202506235,AgSbTe2,AgSb0.98Ga0.02Te1.94I0.06,AgSb0.98Ga0.02Te1.94I0.06,2,Yes,Ga,0.02,Sb,I (0.06) @ Te,Ga (0.02) @ Sb site; I (0.06) @ Te site,body text,,,625.0,17.9,uW/cm.K2
Small - 2025 - Iqbal - Realizing High Wide‐Temperature‐Range Thermoelectric Performance in Ga  I  and S co‐doped AgSbTe2.pdf,10.1002/smll.202506235,AgSbTe2,AgSbTe2 (pristine),AgSbTe2,0,No,,,,,,figure,Fig. 2E,Visually estimated from Fig. 2E,300.0,10.919999999999998,uW/cm.K2
Small - 2025 - Iqbal - Realizing High Wide‐Temperature‐Range Thermoelectric Performance in Ga  I  and S co‐doped AgSbTe2.pdf,10.1002/smll.202506235,AgSbTe2,AgSb0.97Ga0.03Te1.76S0.15I0.09,AgSb0.97Ga0.03Te1.76S0.15I0.09,3,Yes,Ga,0.03,Sb,S (0.15) @ Te; I (0.09) @ Te,Ga (0.03) @ Sb site; S (0.15) @ Te site; I (0.09) @ Te site,body text,"Page 1, abstract",,625.0,17.9,uW/cm.K2
Small - 2026 - Song - Decoupling Electron‐Phonon Transport in AgSbSe2 via Stepwise Cd‐Sb Substitution and Interstitial Se.pdf,10.1002/smll.202514707,AgSbSe2,AgSb0.96Cd0.04Se2.02,AgSb0.96Cd0.04Se2.02,2,Yes,Cd,0.04,Sb,Se (0.02) @ interstitial,Cd (0.04) @ Sb site; Se (0.02) @ interstitial site,body text,,,673.0,7.84,uW/cm.K2
Strong anharmonicity induced low lattice thermal conductivity and high thermoelectric performance in system.pdf,10.1063/5.0095121,(Cu1-yInTe2)0.95(AgSbTe2)0.05,(Cu0.95InTe2)0.95(AgSbTe2)0.05,(Cu0.95InTe2)0.95(AgSbTe2)0.05,1,No,Cu vacancy,y=0.05,Ag,,Cu vacancy (y=0.05) @ Ag site,body text,,,723.0,12.4,uW/cm.K2
Strong anharmonicity induced low lattice thermal conductivity and high thermoelectric performance in system.pdf,10.1063/5.0095121,(Cu1-yInTe2)0.95(AgSbTe2)0.05,(CuInTe2)0.99(AgSbTe2)0.01,(CuInTe2)0.99(AgSbTe2)0.01,2,Yes,Ag,0.01,unclear,Sb (0.01) @ unclear,Ag (0.01) @ unclear site; Sb (0.01) @ unclear site,figure,,Visually estimated from Fig. 1(c),300.0,1.4999999999999998,uW/cm.K2
Strong anharmonicity induced low lattice thermal conductivity and high thermoelectric performance in system.pdf,10.1063/5.0095121,(Cu1-yInTe2)0.95(AgSbTe2)0.05,(CuInTe2)0.97(AgSbTe2)0.03,(CuInTe2)0.97(AgSbTe2)0.03,2,Yes,Ag,0.03,unclear,Sb (0.03) @ unclear,Ag (0.03) @ unclear site; Sb (0.03) @ unclear site,figure,,Visually estimated from Fig. 1(c),300.0,2.0000000000000004,uW/cm.K2
Strong anharmonicity induced low lattice thermal conductivity and high thermoelectric performance in system.pdf,10.1063/5.0095121,(Cu1-yInTe2)0.95(AgSbTe2)0.05,(CuInTe2)0.95(AgSbTe2)0.05,(CuInTe2)0.95(AgSbTe2)0.05,2,Yes,Ag,0.05,unclear,Sb (0.05) @ unclear,Ag (0.05) @ unclear site; Sb (0.05) @ unclear site,figure,,Visually estimated from Fig. 1(c),300.0,2.5,uW/cm.K2
Strong anharmonicity induced low lattice thermal conductivity and high thermoelectric performance in system.pdf,10.1063/5.0095121,(Cu1-yInTe2)0.95(AgSbTe2)0.05,(CuInTe2)0.93(AgSbTe2)0.07,(CuInTe2)0.93(AgSbTe2)0.07,2,Yes,Ag,0.07,unclear,Sb (0.07) @ unclear,Ag (0.07) @ unclear site; Sb (0.07) @ unclear site,figure,,Visually estimated from Fig. 1(c),300.0,2.5,uW/cm.K2
"Structural, characterization and electrical properties of AgPbmSbTem+2 compounds synthesized through a solid-state microwave technique.pdf",10.1016/j.ijhydene.2015.12.205,AgSbTe2,AgPb8SbTe10,AgPb8SbTe10,1,No,Pb,m=8,Ag,,Pb (m=8) @ Ag site,body text,,,310.0,18.7,uW/cm.K2
Synergistic Effect of Mg–Se Co-Doping and Post-Annealing on the Thermoelectric Performance of Polycrystalline AgSbTe2.pdf,10.1021/acsaem.6c01258,AgSbTe2,AgSb0.95Mg0.05Te1.85Se0.15,AgSb0.95Mg0.05Te1.85Se0.15,2,Yes,Mg,5 at%,Sb,Se (15 at%) @ Te,Mg (5 at%) @ Sb site; Se (15 at%) @ Te site,body text,,,508.0,14.199999999999998,uW/cm.K2
Synergistic Effect of Mg–Se Co-Doping and Post-Annealing on the Thermoelectric Performance of Polycrystalline AgSbTe2.pdf,10.1021/acsaem.6c01258,AgSbTe2,AgSb0.95Mg0.05Te1.85Se0.15,AgSb0.95Mg0.05Te1.85Se0.15,2,Yes,Mg,5 at%,Sb,Se (15 at%) @ Te,Mg (5 at%) @ Sb site; Se (15 at%) @ Te site,body text,,,610.0,19.2,uW/cm.K2
Synergistic Effect of Mg–Se Co-Doping and Post-Annealing on the Thermoelectric Performance of Polycrystalline AgSbTe2.pdf,10.1021/acsaem.6c01258,AgSbTe2,AgSbTe2,AgSbTe2,0,No,,,,,,figure,Figure 2c,Visually estimated from Figure 2c,300.0,2.0,uW/cm.K2
Synergistic Effect of Mg–Se Co-Doping and Post-Annealing on the Thermoelectric Performance of Polycrystalline AgSbTe2.pdf,10.1021/acsaem.6c01258,AgSbTe2,AgSbTe1.85Se0.15,AgSbTe1.85Se0.15,1,No,Se,0.15,Te,,Se (0.15) @ Te site,figure,Figure 2c,Visually estimated from Figure 2c,300.0,9.0,uW/cm.K2
Synergistic Effect of Mg–Se Co-Doping and Post-Annealing on the Thermoelectric Performance of Polycrystalline AgSbTe2.pdf,10.1021/acsaem.6c01258,AgSbTe2,Ag0.96Mg0.04SbTe1.85Se0.15,Ag0.96Mg0.04SbTe1.85Se0.15,2,Yes,Mg,0.04,Ag,Se (0.15) @ Te,Mg (0.04) @ Ag site; Se (0.15) @ Te site,figure,Figure 2c,Visually estimated from Figure 2c,300.0,10.0,uW/cm.K2
Synergistic Effect of Mg–Se Co-Doping and Post-Annealing on the Thermoelectric Performance of Polycrystalline AgSbTe2.pdf,10.1021/acsaem.6c01258,AgSbTe2,Ag0.95Mg0.05SbTe1.85Se0.15,Ag0.95Mg0.05SbTe1.85Se0.15,2,Yes,Mg,0.05,Ag,Se (0.15) @ Te,Mg (0.05) @ Ag site; Se (0.15) @ Te site,figure,Figure 2c,Visually estimated from Figure 2c,300.0,11.0,uW/cm.K2
Synergistic Effect of Mg–Se Co-Doping and Post-Annealing on the Thermoelectric Performance of Polycrystalline AgSbTe2.pdf,10.1021/acsaem.6c01258,AgSbTe2,Ag0.94Mg0.06SbTe1.85Se0.15,Ag0.94Mg0.06SbTe1.85Se0.15,2,Yes,Mg,0.06,Ag,Se (0.15) @ Te,Mg (0.06) @ Ag site; Se (0.15) @ Te site,figure,Figure 2c,Visually estimated from Figure 2c,300.0,8.0,uW/cm.K2
Synergistic Effect of Mg–Se Co-Doping and Post-Annealing on the Thermoelectric Performance of Polycrystalline AgSbTe2.pdf,10.1021/acsaem.6c01258,AgSbTe2,AgSb0.95Mg0.05Te1.85Se0.15 (without annealing),AgSb0.95Mg0.05Te1.85Se0.15,2,Yes,Mg,0.05,Sb,Se (0.15) @ Te,Mg (0.05) @ Sb site; Se (0.15) @ Te site,figure,,Visually estimated from Fig 7c,300.0,10.0,uW/cm.K2
Synergistic Effect of Mg–Se Co-Doping and Post-Annealing on the Thermoelectric Performance of Polycrystalline AgSbTe2.pdf,10.1021/acsaem.6c01258,AgSbTe2,AgSb0.95Mg0.05Te1.85Se0.15 (without annealing),AgSb0.95Mg0.05Te1.85Se0.15,2,Yes,Mg,0.05,Sb,Se (0.15) @ Te,Mg (0.05) @ Sb site; Se (0.15) @ Te site,figure,,Visually estimated from Fig 7c,560.0,14.0,uW/cm.K2
Synergistic Effect of Mg–Se Co-Doping and Post-Annealing on the Thermoelectric Performance of Polycrystalline AgSbTe2.pdf,10.1021/acsaem.6c01258,AgSbTe2,AgSb0.95Mg0.05Te1.85Se0.15 (annealed),AgSb0.95Mg0.05Te1.85Se0.15,2,Yes,Mg,0.05,Sb,Se (0.15) @ Te,Mg (0.05) @ Sb site; Se (0.15) @ Te site,figure,,Visually estimated from Fig 7c,300.0,12.0,uW/cm.K2
Synergistic Effect of Mg–Se Co-Doping and Post-Annealing on the Thermoelectric Performance of Polycrystalline AgSbTe2.pdf,10.1021/acsaem.6c01258,AgSbTe2,AgSb0.95Mg0.05Te1.85Se0.15 (annealed),AgSb0.95Mg0.05Te1.85Se0.15,2,Yes,Mg,0.05,Sb,Se (0.15) @ Te,Mg (0.05) @ Sb site; Se (0.15) @ Te site,figure,,Visually estimated from Fig 7c,610.0,18.999999999999996,uW/cm.K2
Synergistic Optimization of Thermoelectric Performance in AgSbTe2 via Ag Vacancy and In Doping.pdf,10.1021/acsaem.6c00054,AgSbTe2,Ag0.97SbTe2,Ag0.97SbTe2,1,No,Ag vacancy,x = 0.03,Ag,,Ag vacancy (x = 0.03) @ Ag site,text,Section 3.2,,573.0,9.9,uW/cm.K2
Synergistic Optimization of Thermoelectric Performance in AgSbTe2 via Ag Vacancy and In Doping.pdf,10.1021/acsaem.6c00054,AgSbTe2,Ag0.97Sb0.96In0.04Te2,Ag0.97Sb0.96In0.04Te2,2,Yes,Ag vacancy,x = 0.03,Ag,In (y = 0.04) @ Sb,Ag vacancy (x = 0.03) @ Ag site; In (y = 0.04) @ Sb site,text,Section 3.4,,573.0,11.399999999999999,uW/cm.K2
Synergistic Suppression of Bipolar Effect and Lattice Thermal Conductivity Leading to High Average Figure of Merit in Bi0.4Sb1.6Te3 Materials through Alloying with AgSbTe2.pdf,10.1021/acsami.4c12307,Bi0.4Sb1.6Te3 alloyed with AgSbTe2,Bi0.4Sb1.6Te3 - 0.15 wt % AgSbTe2,Bi0.4Sb1.6Te3 - 0.15 wt % AgSbTe2,1,No,Ag,0.15 wt %,multiple sites,,Ag (0.15 wt %) @ multiple sites site,body text,page 6,,303.0,49.1,uW/cm.K2
"Synergistically optimizing charge and phonon transport properties in n-type PbTe via introducing ternary compound AgSb(Se, Te)2.pdf",10.1016/j.jallcom.2019.152463,PbTe,PbTe + 1% AgSbTe2,PbTe + 1% AgSbTe2,1,No,AgSbTe2,1%,unclear,,AgSbTe2 (1%) @ unclear site,figure,,Visually estimated from Fig. 8c,600.0,16.0,uW/cm.K2
"Synergistically optimizing charge and phonon transport properties in n-type PbTe via introducing ternary compound AgSb(Se, Te)2.pdf",10.1016/j.jallcom.2019.152463,PbTe,PbTe + 2% AgSbTe2,PbTe + 2% AgSbTe2,1,No,AgSbTe2,2%,unclear,,AgSbTe2 (2%) @ unclear site,figure,,Visually estimated from Fig. 8c,650.0,18.0,uW/cm.K2
"Synergistically optimizing charge and phonon transport properties in n-type PbTe via introducing ternary compound AgSb(Se, Te)2.pdf",10.1016/j.jallcom.2019.152463,PbTe,PbTe + 3% AgSbTe2,PbTe + 3% AgSbTe2,1,No,AgSbTe2,3%,unclear,,AgSbTe2 (3%) @ unclear site,figure,,Visually estimated from Fig. 8c,700.0,14.0,uW/cm.K2
Synthesis and thermoelectric properties of Mn-doped AgSbTe2 compounds.pdf,10.1088/1674-1056/21/10/106101,Ag0.9Sb1-xMnxTe2.05,x=0.10,Ag0.9Sb1.0Mn0.10Te2.05,1,No,Mn,x=0.10,Sb,,Mn (x=0.10) @ Sb site,body text,"page 5, section 3.2",,473.0,13.700000000000001,uW/cm.K2
Synthesis and thermoelectric properties of Mn-doped AgSbTe2 compounds.pdf,10.1088/1674-1056/21/10/106101,Ag0.9Sb1-xMnxTe2.05,Ag0.9Sb1.1-xMnxTe2.05 (x=0.05),Ag0.9Sb1.05Mn0.05Te2.05,1,No,Mn,x=0.05,Sb,,Mn (x=0.05) @ Sb site,figure,Fig. 4c,Visually estimated from Fig. 4c,325.0,7.0,uW/cm.K2
Synthesis and thermoelectric properties of Mn-doped AgSbTe2 compounds.pdf,10.1088/1674-1056/21/10/106101,Ag0.9Sb1-xMnxTe2.05,Ag0.9Sb1.1-xMnxTe2.05 (x=0.05),Ag0.9Sb1.05Mn0.05Te2.05,1,No,Mn,x=0.05,Sb,,Mn (x=0.05) @ Sb site,figure,Fig. 4c,Visually estimated from Fig. 4c,475.0,8.000000000000002,uW/cm.K2
Synthesis and thermoelectric properties of Mn-doped AgSbTe2 compounds.pdf,10.1088/1674-1056/21/10/106101,Ag0.9Sb1-xMnxTe2.05,Ag0.9Sb1.1-xMnxTe2.05 (x=0.05),Ag0.9Sb1.05Mn0.05Te2.05,1,No,Mn,x=0.05,Sb,,Mn (x=0.05) @ Sb site,figure,Fig. 4c,Visually estimated from Fig. 4c,575.0,9.0,uW/cm.K2
Synthesis and thermoelectric properties of Mn-doped AgSbTe2 compounds.pdf,10.1088/1674-1056/21/10/106101,Ag0.9Sb1-xMnxTe2.05,Ag0.9Sb1.1-xMnxTe2.05 (x=0.10),Ag0.9Sb1.0Mn0.1Te2.05,1,No,Mn,x=0.10,Sb,,Mn (x=0.10) @ Sb site,figure,Fig. 4c,Visually estimated from Fig. 4c,325.0,11.5,uW/cm.K2
Synthesis and thermoelectric properties of Mn-doped AgSbTe2 compounds.pdf,10.1088/1674-1056/21/10/106101,Ag0.9Sb1-xMnxTe2.05,Ag0.9Sb1.1-xMnxTe2.05 (x=0.10),Ag0.9Sb1.0Mn0.1Te2.05,1,No,Mn,x=0.10,Sb,,Mn (x=0.10) @ Sb site,figure,Fig. 4c,Visually estimated from Fig. 4c,475.0,13.500000000000002,uW/cm.K2
Synthesis and thermoelectric properties of Mn-doped AgSbTe2 compounds.pdf,10.1088/1674-1056/21/10/106101,Ag0.9Sb1-xMnxTe2.05,Ag0.9Sb1.1-xMnxTe2.05 (x=0.10),Ag0.9Sb1.0Mn0.1Te2.05,1,No,Mn,x=0.10,Sb,,Mn (x=0.10) @ Sb site,figure,Fig. 4c,Visually estimated from Fig. 4c,575.0,11.5,uW/cm.K2
Synthesis and thermoelectric properties of Mn-doped AgSbTe2 compounds.pdf,10.1088/1674-1056/21/10/106101,Ag0.9Sb1-xMnxTe2.05,Ag0.9Sb1.1-xMnxTe2.05 (x=0.20),Ag0.9Sb0.9Mn0.2Te2.05,1,No,Mn,x=0.20,Sb,,Mn (x=0.20) @ Sb site,figure,Fig. 4c,Visually estimated from Fig. 4c,325.0,7.0,uW/cm.K2
Synthesis and thermoelectric properties of Mn-doped AgSbTe2 compounds.pdf,10.1088/1674-1056/21/10/106101,Ag0.9Sb1-xMnxTe2.05,Ag0.9Sb1.1-xMnxTe2.05 (x=0.20),Ag0.9Sb0.9Mn0.2Te2.05,1,No,Mn,x=0.20,Sb,,Mn (x=0.20) @ Sb site,figure,Fig. 4c,Visually estimated from Fig. 4c,475.0,8.000000000000002,uW/cm.K2
Synthesis and thermoelectric properties of Mn-doped AgSbTe2 compounds.pdf,10.1088/1674-1056/21/10/106101,Ag0.9Sb1-xMnxTe2.05,Ag0.9Sb1.1-xMnxTe2.05 (x=0.20),Ag0.9Sb0.9Mn0.2Te2.05,1,No,Mn,x=0.20,Sb,,Mn (x=0.20) @ Sb site,figure,Fig. 4c,Visually estimated from Fig. 4c,575.0,8.000000000000002,uW/cm.K2
"Thermodynamic, Structural and Thermoelectric Properties of AgSbTe2 Thick Films Developed by Melt Spinning.pdf",10.3390/nano8070474,AgSbTe2,SAT-5,AgSbTe2,0,No,,,,,,figure,Fig. 4c,,500.0,13.000000000000002,uW/cm.K2
"Thermodynamic, Structural and Thermoelectric Properties of AgSbTe2 Thick Films Developed by Melt Spinning.pdf",10.3390/nano8070474,AgSbTe2,SAT-10,AgSbTe2,0,No,,,,,,figure,Fig. 4c,,500.0,13.000000000000002,uW/cm.K2
"Thermodynamic, Structural and Thermoelectric Properties of AgSbTe2 Thick Films Developed by Melt Spinning.pdf",10.3390/nano8070474,AgSbTe2,SATS-10,AgSbTe1.98Se0.02,1,No,Se,1%,Te,,Se (1%) @ Te site,text,Abstract and Section 3.2,,500.0,13.000000000000002,uW/cm.K2
"Thermodynamic, Structural and Thermoelectric Properties of AgSbTe2 Thick Films Developed by Melt Spinning.pdf",10.3390/nano8070474,AgSbTe2,SAT-5,AgSbTe2,0,No,,,,,,figure,,Visually estimated from Fig. 4c,300.0,11.999999999999998,uW/cm.K2
"Thermodynamic, Structural and Thermoelectric Properties of AgSbTe2 Thick Films Developed by Melt Spinning.pdf",10.3390/nano8070474,AgSbTe2,SAT-5,AgSbTe2,0,No,,,,,,figure,,Visually estimated from Fig. 4c,500.0,8.000000000000002,uW/cm.K2
"Thermodynamic, Structural and Thermoelectric Properties of AgSbTe2 Thick Films Developed by Melt Spinning.pdf",10.3390/nano8070474,AgSbTe2,SAT-10,AgSbTe2,0,No,,,,,,figure,,Visually estimated from Fig. 4c,300.0,8.000000000000002,uW/cm.K2
"Thermodynamic, Structural and Thermoelectric Properties of AgSbTe2 Thick Films Developed by Melt Spinning.pdf",10.3390/nano8070474,AgSbTe2,SAT-10,AgSbTe2,0,No,,,,,,figure,,Visually estimated from Fig. 4c,500.0,11.999999999999998,uW/cm.K2
"Thermodynamic, Structural and Thermoelectric Properties of AgSbTe2 Thick Films Developed by Melt Spinning.pdf",10.3390/nano8070474,AgSbTe2,SATS-10,AgSbTe2-xSex,1,No,Se,1%,Te,,Se (1%) @ Te site,figure,,Visually estimated from Fig. 4c,300.0,11.000000000000002,uW/cm.K2
"Thermodynamic, Structural and Thermoelectric Properties of AgSbTe2 Thick Films Developed by Melt Spinning.pdf",10.3390/nano8070474,AgSbTe2,SATS-10,AgSbTe2-xSex,1,No,Se,1%,Te,,Se (1%) @ Te site,figure,,Visually estimated from Fig. 4c,500.0,13.000000000000002,uW/cm.K2
Thermoelectric properties of (GeTe)1-x[(Ag2Te)0.4(Sb2Te3)0.6]x alloys.pdf,10.1007/s12598-,AgSbTe2-family (GeTe-Ag2Te-Sb2Te3 alloys),x = 0,(GeTe)1-x[(Ag2Te)0.4(Sb2Te3)0.6]x where x=0,0,No,,,,,,figure,Fig. 5c,,,5.0,uW/cm.K2
"Thermoelectric properties of p-type (AgSbTe2)x(Pb0.5Sn0.5Te)1 − x (x = 0.05, 0.09, 0.2).pdf",10.1016/j.jallcom.2005.08.033,AgSbTe2-PbTe-SnTe,x=0.05,(AgSbTe2)0.05(Pb0.5Sn0.5Te)0.95,2,Yes,Pb,0.95 * 0.5,unclear,Sn (0.95 * 0.5) @ unclear,Pb (0.95 * 0.5) @ unclear site; Sn (0.95 * 0.5) @ unclear site,figure,,Visually estimated from Fig 3C,300.0,7.5,uW/cm.K2
"Thermoelectric properties of p-type (AgSbTe2)x(Pb0.5Sn0.5Te)1 − x (x = 0.05, 0.09, 0.2).pdf",10.1016/j.jallcom.2005.08.033,AgSbTe2-PbTe-SnTe,x=0.09,(AgSbTe2)0.09(Pb0.5Sn0.5Te)0.91,2,Yes,Pb,0.91 * 0.5,unclear,Sn (0.91 * 0.5) @ unclear,Pb (0.91 * 0.5) @ unclear site; Sn (0.91 * 0.5) @ unclear site,figure,,Visually estimated from Fig 3C,300.0,8.5,uW/cm.K2
"Thermoelectric properties of p-type (AgSbTe2)x(Pb0.5Sn0.5Te)1 − x (x = 0.05, 0.09, 0.2).pdf",10.1016/j.jallcom.2005.08.033,AgSbTe2-PbTe-SnTe,x=0.2,(AgSbTe2)0.2(Pb0.5Sn0.5Te)0.8,2,Yes,Pb,0.8 * 0.5,unclear,Sn (0.8 * 0.5) @ unclear,Pb (0.8 * 0.5) @ unclear site; Sn (0.8 * 0.5) @ unclear site,figure,,Visually estimated from Fig 3C,300.0,10.0,uW/cm.K2
Ultralow lattice thermal conductivity and enhanced thermoelectric performance enabled by CuInSe2 alloying in AgSbTe2.pdf,10.1016/j.jallcom.2026.188903,(AgSbTe2)1-x(CuInSe2)x,x = 0.03,Ag0.97Sb0.97Te1.94Cu0.03In0.03Se0.06,3,Yes,Cu,0.03,Ag,In (0.03) @ Sb; Se (0.06) @ Te,Cu (0.03) @ Ag site; In (0.03) @ Sb site; Se (0.06) @ Te site,body text,,,,14.1,uW/cm.K2
Ultralow lattice thermal conductivity and enhanced thermoelectric performance enabled by CuInSe2 alloying in AgSbTe2.pdf,10.1016/j.jallcom.2026.188903,(AgSbTe2)1-x(CuInSe2)x,x=0,AgSbTe2,0,No,,,,,,figure,Fig. 4e,Visually estimated from Fig. 4e,300.0,8.000000000000002,uW/cm.K2
Ultralow lattice thermal conductivity and enhanced thermoelectric performance enabled by CuInSe2 alloying in AgSbTe2.pdf,10.1016/j.jallcom.2026.188903,(AgSbTe2)1-x(CuInSe2)x,x=0,AgSbTe2,0,No,,,,,,figure,Fig. 4e,Visually estimated from Fig. 4e,500.0,10.0,uW/cm.K2
Ultralow lattice thermal conductivity and enhanced thermoelectric performance enabled by CuInSe2 alloying in AgSbTe2.pdf,10.1016/j.jallcom.2026.188903,(AgSbTe2)1-x(CuInSe2)x,x=0,AgSbTe2,0,No,,,,,,figure,Fig. 4e,Visually estimated from Fig. 4e,600.0,9.0,uW/cm.K2
Ultralow lattice thermal conductivity and enhanced thermoelectric performance enabled by CuInSe2 alloying in AgSbTe2.pdf,10.1016/j.jallcom.2026.188903,(AgSbTe2)1-x(CuInSe2)x,x=0.01,(AgSbTe2)0.99(CuInSe2)0.01,3,Yes,Cu,0.01,unclear,In (0.01) @ unclear; Se (0.01) @ Te,Cu (0.01) @ unclear site; In (0.01) @ unclear site; Se (0.01) @ Te site,figure,Fig. 4e,Visually estimated from Fig. 4e,300.0,10.0,uW/cm.K2
Ultralow lattice thermal conductivity and enhanced thermoelectric performance enabled by CuInSe2 alloying in AgSbTe2.pdf,10.1016/j.jallcom.2026.188903,(AgSbTe2)1-x(CuInSe2)x,x=0.01,(AgSbTe2)0.99(CuInSe2)0.01,3,Yes,Cu,0.01,unclear,In (0.01) @ unclear; Se (0.01) @ Te,Cu (0.01) @ unclear site; In (0.01) @ unclear site; Se (0.01) @ Te site,figure,Fig. 4e,Visually estimated from Fig. 4e,500.0,13.000000000000002,uW/cm.K2
Ultralow lattice thermal conductivity and enhanced thermoelectric performance enabled by CuInSe2 alloying in AgSbTe2.pdf,10.1016/j.jallcom.2026.188903,(AgSbTe2)1-x(CuInSe2)x,x=0.01,(AgSbTe2)0.99(CuInSe2)0.01,3,Yes,Cu,0.01,unclear,In (0.01) @ unclear; Se (0.01) @ Te,Cu (0.01) @ unclear site; In (0.01) @ unclear site; Se (0.01) @ Te site,figure,Fig. 4e,Visually estimated from Fig. 4e,600.0,12.000000000000002,uW/cm.K2
Ultralow lattice thermal conductivity and enhanced thermoelectric performance enabled by CuInSe2 alloying in AgSbTe2.pdf,10.1016/j.jallcom.2026.188903,(AgSbTe2)1-x(CuInSe2)x,x=0.03,(AgSbTe2)0.97(CuInSe2)0.03,3,Yes,Cu,0.03,unclear,In (0.03) @ unclear; Se (0.03) @ Te,Cu (0.03) @ unclear site; In (0.03) @ unclear site; Se (0.03) @ Te site,figure,Fig. 4e,Visually estimated from Fig. 4e,300.0,11.000000000000002,uW/cm.K2
Ultralow lattice thermal conductivity and enhanced thermoelectric performance enabled by CuInSe2 alloying in AgSbTe2.pdf,10.1016/j.jallcom.2026.188903,(AgSbTe2)1-x(CuInSe2)x,x=0.03,(AgSbTe2)0.97(CuInSe2)0.03,3,Yes,Cu,0.03,unclear,In (0.03) @ unclear; Se (0.03) @ Te,Cu (0.03) @ unclear site; In (0.03) @ unclear site; Se (0.03) @ Te site,figure,Fig. 4e,Visually estimated from Fig. 4e,500.0,14.0,uW/cm.K2
Ultralow lattice thermal conductivity and enhanced thermoelectric performance enabled by CuInSe2 alloying in AgSbTe2.pdf,10.1016/j.jallcom.2026.188903,(AgSbTe2)1-x(CuInSe2)x,x=0.03,(AgSbTe2)0.97(CuInSe2)0.03,3,Yes,Cu,0.03,unclear,In (0.03) @ unclear; Se (0.03) @ Te,Cu (0.03) @ unclear site; In (0.03) @ unclear site; Se (0.03) @ Te site,figure,Fig. 4e,Visually estimated from Fig. 4e,600.0,13.000000000000002,uW/cm.K2
Ultralow lattice thermal conductivity and enhanced thermoelectric performance enabled by CuInSe2 alloying in AgSbTe2.pdf,10.1016/j.jallcom.2026.188903,(AgSbTe2)1-x(CuInSe2)x,x=0.05,(AgSbTe2)0.95(CuInSe2)0.05,3,Yes,Cu,0.05,unclear,In (0.05) @ unclear; Se (0.05) @ Te,Cu (0.05) @ unclear site; In (0.05) @ unclear site; Se (0.05) @ Te site,figure,Fig. 4e,Visually estimated from Fig. 4e,300.0,9.0,uW/cm.K2
Ultralow lattice thermal conductivity and enhanced thermoelectric performance enabled by CuInSe2 alloying in AgSbTe2.pdf,10.1016/j.jallcom.2026.188903,(AgSbTe2)1-x(CuInSe2)x,x=0.05,(AgSbTe2)0.95(CuInSe2)0.05,3,Yes,Cu,0.05,unclear,In (0.05) @ unclear; Se (0.05) @ Te,Cu (0.05) @ unclear site; In (0.05) @ unclear site; Se (0.05) @ Te site,figure,Fig. 4e,Visually estimated from Fig. 4e,500.0,12.000000000000002,uW/cm.K2
Ultralow lattice thermal conductivity and enhanced thermoelectric performance enabled by CuInSe2 alloying in AgSbTe2.pdf,10.1016/j.jallcom.2026.188903,(AgSbTe2)1-x(CuInSe2)x,x=0.05,(AgSbTe2)0.95(CuInSe2)0.05,3,Yes,Cu,0.05,unclear,In (0.05) @ unclear; Se (0.05) @ Te,Cu (0.05) @ unclear site; In (0.05) @ unclear site; Se (0.05) @ Te site,figure,Fig. 4e,Visually estimated from Fig. 4e,600.0,11.000000000000002,uW/cm.K2
Wang_2025_Phys._Scr._100_125919.pdf,10.1088/1402-4896/ae26ec,AgSbTe2,Ag16Sb16Te32,Ag16Sb16Te32,0,No,,,,,,text,Section 3.3.4,,450.0,12.21,uW/cm.K2
Wang_2025_Phys._Scr._100_125919.pdf,10.1088/1402-4896/ae26ec,AgSbTe2,Ag16Sb15Cr1Te32,Ag16Sb15Cr1Te32,1,No,Cr,1,Sb,,Cr (1) @ Sb site,text,Section 3.3.4,,450.0,19.08,uW/cm.K2
Wang_2025_Phys._Scr._100_125919.pdf,10.1088/1402-4896/ae26ec,AgSbTe2,Ag16Sb14V1Cr1Te32,Ag16Sb14V1Cr1Te32,2,Yes,V,1,Sb,Cr (1) @ Sb,V (1) @ Sb site; Cr (1) @ Sb site,text,Section 3.3.4,,600.0,10.33,uW/cm.K2
Wang_2025_Phys._Scr._100_125919.pdf,10.1088/1402-4896/ae26ec,AgSbTe2,Ag16Sb15V1Te32,Ag16Sb15V1Te32,1,No,V,1,Sb,,V (1) @ Sb site,figure,Fig. 9,Visually estimated from Fig. 9,600.0,10.33,uW/cm.K2
ae2c03557.pdf,10.1021/acsaem.2c03557,AgSbSe2,AgSb0.935Pb0.06Se2,AgSb0.935Pb0.06Se2,2,Yes,Pb,0.06,Sb,Sb vacancy (0.005) @ Sb,Pb (0.06) @ Sb site; Sb vacancy (0.005) @ Sb site,text,"Page 1, Abstract",,523.0,7.499999999999999,uW/cm.K2
ae5c01632.pdf,10.1021/acsaem.5c01632,AgSbTe2,AgSbTe1.95Se0.05,AgSbTe1.95Se0.05,1,No,Se,0.05,Te,,Se (0.05) @ Te site,text,body text,,470.0,15.6,uW/cm.K2
ae5c01632.pdf,10.1021/acsaem.5c01632,AgSbTe2,AgSbTe2,AgSbTe2,0,No,,,,,,figure,Fig. 4a,Visually estimated from Fig. 4a,300.0,8.0,uW/cm.K2
ae5c01632.pdf,10.1021/acsaem.5c01632,AgSbTe2,AgSbTe1.95Se0.05,AgSbTe1.95Se0.05,1,No,Se,x=0.05,Te,,Se (x=0.05) @ Te site,figure,Fig. 4a,Visually estimated from Fig. 4a,300.0,9.0,uW/cm.K2
ae5c01632.pdf,10.1021/acsaem.5c01632,AgSbTe2,AgSbTe1.9Se0.1,AgSbTe1.9Se0.1,1,No,Se,x=0.1,Te,,Se (x=0.1) @ Te site,figure,Fig. 4a,Visually estimated from Fig. 4a,300.0,9.499999999999998,uW/cm.K2
ae5c01674.pdf,10.1021/acsaem.5c01674,AgSbTe2,pristine AgSbTe2,AgSbTe2,0,No,,,,,,body text,,,325.0,5.654999999999999,uW/cm.K2
ae5c01674.pdf,10.1021/acsaem.5c01674,AgSbTe2,pristine AgSbTe2,AgSbTe2,0,No,,,,,,body text,,,525.0,7.242,uW/cm.K2
ae5c01674.pdf,10.1021/acsaem.5c01674,AgSbTe2,AgSbTe2/20 wt % HNO3-treated PEDOT:PSS,AgSbTe2/20 wt % HNO3-treated PEDOT:PSS,1,No,PEDOT:PSS,20 wt %,unclear,,PEDOT:PSS (20 wt %) @ unclear site,body text,,,325.0,6.544999999999999,uW/cm.K2
ae5c01674.pdf,10.1021/acsaem.5c01674,AgSbTe2,AgSbTe2/20 wt % HNO3-treated PEDOT:PSS,AgSbTe2/20 wt % HNO3-treated PEDOT:PSS,1,No,PEDOT:PSS,20 wt %,unclear,,PEDOT:PSS (20 wt %) @ unclear site,body text,,,525.0,8.728,uW/cm.K2
ae5c01674.pdf,10.1021/acsaem.5c01674,AgSbTe2,AgSbTe2/40 wt % HNO3-treated PEDOT:PSS,AgSbTe2/40 wt % HNO3-treated PEDOT:PSS,1,No,PEDOT:PSS,40 wt %,unclear,,PEDOT:PSS (40 wt %) @ unclear site,body text,,,325.0,4.803,uW/cm.K2
ae5c01674.pdf,10.1021/acsaem.5c01674,AgSbTe2,AgSbTe2/40 wt % HNO3-treated PEDOT:PSS,AgSbTe2/40 wt % HNO3-treated PEDOT:PSS,1,No,PEDOT:PSS,40 wt %,unclear,,PEDOT:PSS (40 wt %) @ unclear site,body text,,,525.0,7.2059999999999995,uW/cm.K2
ae5c01674.pdf,10.1021/acsaem.5c01674,AgSbTe2,AgSbTe2/60 wt % HNO3-treated PEDOT:PSS,AgSbTe2/60 wt % HNO3-treated PEDOT:PSS,1,No,PEDOT:PSS,60 wt %,unclear,,PEDOT:PSS (60 wt %) @ unclear site,body text,,,325.0,3.6029999999999998,uW/cm.K2
ae5c01674.pdf,10.1021/acsaem.5c01674,AgSbTe2,AgSbTe2/60 wt % HNO3-treated PEDOT:PSS,AgSbTe2/60 wt % HNO3-treated PEDOT:PSS,1,No,PEDOT:PSS,60 wt %,unclear,,PEDOT:PSS (60 wt %) @ unclear site,body text,,,525.0,5.909999999999999,uW/cm.K2
am2c22930.pdf,10.1021/acsami.2c22930,AgSbTe2,AgSb0.98Mg0.02Te2,AgSb0.98Mg0.02Te2,1,No,Mg,0.02,Sb,,Mg (0.02) @ Sb site,body text,,,523.0,14.0,uW/cm.K2
am4c05454.pdf,10.1021/acsami.4c05454,AgSbTe2,AgSb0.96Cu0.04Te2,AgSb0.96Cu0.04Te2,1,No,Cu,0.04,Ag,,Cu (0.04) @ Ag site,body text,"Page 6, Electrical Transport Properties",,498.0,13.500000000000002,uW/cm.K2
am4c05454.pdf,10.1021/acsami.4c05454,AgSbTe2,AgSb0.96Cu0.04Te2,AgSb0.96Cu0.04Te2,1,No,Cu,0.04,Ag,,Cu (0.04) @ Ag site,body text,"Page 6, Electrical Transport Properties",,448.0,14.3,uW/cm.K2
am4c05454.pdf,10.1021/acsami.4c05454,AgSbTe2,AgSb1-xCuxTe2 (x=0),AgSbTe2,1,No,none,0,unclear,,none (0) @ unclear site,figure,,Visually estimated from Fig. 5d,323.0,7.0,uW/cm.K2
am4c05454.pdf,10.1021/acsami.4c05454,AgSbTe2,AgSb1-xCuxTe2 (x=0),AgSbTe2,1,No,none,0,unclear,,none (0) @ unclear site,figure,,Visually estimated from Fig. 5d,423.0,7.0,uW/cm.K2
am4c05454.pdf,10.1021/acsami.4c05454,AgSbTe2,AgSb1-xCuxTe2 (x=0),AgSbTe2,1,No,none,0,unclear,,none (0) @ unclear site,figure,,Visually estimated from Fig. 5d,573.0,10.0,uW/cm.K2
am4c05454.pdf,10.1021/acsami.4c05454,AgSbTe2,AgSb1-xCuxTe2 (x=0.04),Ag0.96Cu0.04Te2,1,No,Cu,0.04,Ag,,Cu (0.04) @ Ag site,figure,,Visually estimated from Fig. 5d,323.0,10.0,uW/cm.K2
am4c05454.pdf,10.1021/acsami.4c05454,AgSbTe2,AgSb1-xCuxTe2 (x=0.04),Ag0.96Cu0.04Te2,1,No,Cu,0.04,Ag,,Cu (0.04) @ Ag site,figure,,Visually estimated from Fig. 5d,423.0,14.0,uW/cm.K2
am4c05454.pdf,10.1021/acsami.4c05454,AgSbTe2,AgSb1-xCuxTe2 (x=0.04),Ag0.96Cu0.04Te2,1,No,Cu,0.04,Ag,,Cu (0.04) @ Ag site,figure,,Visually estimated from Fig. 5d,573.0,11.000000000000002,uW/cm.K2
am4c05873.pdf,10.1021/acsami.4c05873,AgSbTe2,AgSb0.96Mg0.02Ti0.02Te2,AgSb0.96Mg0.02Ti0.02Te2,2,Yes,Mg,0.02,Sb,Ti (0.02) @ Sb,Mg (0.02) @ Sb site; Ti (0.02) @ Sb site,body text,Page 2,,523.0,14.999999999999998,uW/cm.K2
am4c05873.pdf,10.1021/acsami.4c05873,AgSbTe2,Ag0.96Mg0.02Ti0.02Te2,Ag0.96Mg0.02Ti0.02Te2,2,Yes,Mg,0.02,unclear,Ti (0.02) @ unclear,Mg (0.02) @ unclear site; Ti (0.02) @ unclear site,body text,,,523.0,14.999999999999998,uW/cm.K2
am4c06836.pdf,10.1021/acsami.4c06836,AgSbTe2,Ag0.85Sn0.15Sb0.85Ge0.15Te2,Ag0.85Sn0.15Sb0.85Ge0.15Te2,2,Yes,Sn,0.15,Ag,Ge (0.15) @ Sb,Sn (0.15) @ Ag site; Ge (0.15) @ Sb site,body text,Abstract and Section 3,,757.0,10.8,uW/cm.K2
am4c06836.pdf,10.1021/acsami.4c06836,AgSbTe2,"x=0, y=0",AgSbTe2,0,No,,,,,,figure,Fig. 5c,Visually estimated from Fig. 5c,300.0,1.5000000000000002,uW/cm.K2
am4c06836.pdf,10.1021/acsami.4c06836,AgSbTe2,"x=0.15, y=0.15",Ag0.85Sn0.15Sb0.85Ge0.15Te2,2,Yes,Sn,0.15,Ag,Ge (0.15) @ Sb,Sn (0.15) @ Ag site; Ge (0.15) @ Sb site,figure,Fig. 5c,Visually estimated from Fig. 5c,757.0,10.8,uW/cm.K2
c0jm00138d.pdf,10.1039/c0jm00138d,AgSbTe2,x=48,(Ag2Te)0.48(Sb2Te3)0.52,0,No,,,,,,text,page 1 and page 5,,,15.0,uW/cm.K2
c0jm00138d.pdf,10.1039/c0jm00138d,AgSbTe2,x=50,AgSbTe2,0,No,,,,,,text,page 1 and page 5,,,15.0,uW/cm.K2
c0jm00138d.pdf,10.1039/c0jm00138d,AgSbTe2,"(Ag2Te)x(Sb2Te3)100-x, x=44",(Ag2Te)44(Sb2Te3)56,0,No,,,,,,figure,Fig. 7c,Visually estimated from Fig. 7c,300.0,11.999999999999998,uW/cm.K2
c0jm00138d.pdf,10.1039/c0jm00138d,AgSbTe2,"(Ag2Te)x(Sb2Te3)100-x, x=50",(Ag2Te)50(Sb2Te3)50,0,No,,,,,,figure,Fig. 7c,Visually estimated from Fig. 7c,500.0,15.0,uW/cm.K2
d3nr04584f.pdf,10.1039/d3nr04584f,AgSbTe2,Ag0.91Sb1.09Te2.09,Ag0.91Sb1.09Te2.09,1,No,Ag deficiency,0.09,Ag,,Ag deficiency (0.09) @ Ag site,body text,"Page 4, Results and discussion",,,16.0,uW/cm.K2
d3nr04584f.pdf,10.1039/d3nr04584f,AgSbTe2,Ag0.91Sb1.09Te2.09,Ag0.91Sb1.09Te2.09,3,Yes,Ag,0.91,Ag,Sb (1.09) @ Sb; Te (2.09) @ Te,Ag (0.91) @ Ag site; Sb (1.09) @ Sb site; Te (2.09) @ Te site,figure,Fig. 3d,Visually estimated from Fig. 3d,500.0,16.0,uW/cm.K2
d3nr04584f.pdf,10.1039/d3nr04584f,AgSbTe2,AgSbTe2,AgSbTe2,0,No,,,,,,figure,Fig. 3d,Visually estimated from Fig. 3d,500.0,8.0,uW/cm.K2
d4cp01171f.pdf,10.1039/d4cp01171f,AgSbTe2,Ag0.927Sb1.07Te2.005,Ag0.927Sb1.07Te2.005,0,No,,,,,,body text,,Reported as room temperature value.,300.0,7.47,uW/cm.K2
d5dt01185j.pdf,10.1039/d5dt01185j,Ba2.75Pb1.1Sb4.1Se10-deltaTe_delta,Ba2.75Pb1.1Sb4.1Se7Te3,Ba2.75Pb1.1Sb4.1Se7Te3,1,No,Te,δ = 3,Te,,Te (δ = 3) @ Te site,body text,,,300.0,0.04650000000000001,uW/cm.K2
d5dt01185j.pdf,10.1039/d5dt01185j,Ba2.75Pb1.1Sb4.1Se10-deltaTe_delta,Ba2.75Pb1.1Sb4.1Se7Te3,Ba2.75Pb1.1Sb4.1Se7Te3,1,No,Te,δ = 3,Te,,Te (δ = 3) @ Te site,body text,,,773.0,0.32439999999999997,uW/cm.K2
d5dt01185j.pdf,10.1039/d5dt01185j,Ba2.75Pb1.1Sb4.1Se10-deltaTe_delta,Ba2.75Pb1.1Sb4.1Se6Te4,Ba2.75Pb1.1Sb4.1Se6Te4,1,No,Te,δ = 4,Te,,Te (δ = 4) @ Te site,body text,,,300.0,0.04849999999999999,uW/cm.K2
d5dt01185j.pdf,10.1039/d5dt01185j,Ba2.75Pb1.1Sb4.1Se10-deltaTe_delta,Ba2.75Pb1.1Sb4.1Se6Te4,Ba2.75Pb1.1Sb4.1Se6Te4,1,No,Te,δ = 4,Te,,Te (δ = 4) @ Te site,body text,,,773.0,0.34419999999999995,uW/cm.K2
el3c01653.pdf,10.1021/acsaelm.3c01653,AgSbTe2,Ag0.7Sb1.12Te2,Ag0.7Sb1.12Te2,2,Yes,Ag vacancy,0.3,Ag,Sb (0.12) @ Ag,Ag vacancy (0.3) @ Ag site; Sb (0.12) @ Ag site,body text,,,750.0,9.0,uW/cm.K2
el3c01653.pdf,10.1021/acsaelm.3c01653,AgSbTe2,Ag0.7Sb1.12Te1.95Se0.05,Ag0.7Sb1.12Te1.95Se0.05,3,Yes,Ag vacancy,0.3,Ag,Sb (0.12) @ Ag; Se (0.05) @ Te,Ag vacancy (0.3) @ Ag site; Sb (0.12) @ Ag site; Se (0.05) @ Te site,body text,,,750.0,9.0,uW/cm.K2
el3c01653.pdf,10.1021/acsaelm.3c01653,AgSbTe2,Ag0.7Sb1.12Te2,Ag0.7Sb1.12Te2,2,Yes,Ag,0.7,Ag,Sb (1.12) @ Sb,Ag (0.7) @ Ag site; Sb (1.12) @ Sb site,figure,Fig. 6c,Visually estimated from Fig. 6c,300.0,5.999999999999999,uW/cm.K2
el3c01653.pdf,10.1021/acsaelm.3c01653,AgSbTe2,Ag0.7Sb1.12Te1.95Se0.05,Ag0.7Sb1.12Te1.95Se0.05,3,Yes,Ag,0.7,Ag,Sb (1.12) @ Sb; Se (0.05) @ Te,Ag (0.7) @ Ag site; Sb (1.12) @ Sb site; Se (0.05) @ Te site,figure,Fig. 6c,Visually estimated from Fig. 6c,300.0,4.000000000000001,uW/cm.K2
el3c01653.pdf,10.1021/acsaelm.3c01653,AgSbTe2,Ag0.7Sb1.12Te1.95Se0.05,Ag0.7Sb1.12Te1.95Se0.05,3,Yes,Ag,0.7,Ag,Sb (1.12) @ Sb; Se (0.05) @ Te,Ag (0.7) @ Ag site; Sb (1.12) @ Sb site; Se (0.05) @ Te site,figure,Fig. 6c,Visually estimated from Fig. 6c,750.0,8.000000000000002,uW/cm.K2
ja1c07522.pdf,10.1021/jacs.1c07522,AgSbTe2,ATMS,AgMnSbTe3,1,No,Mn,equimolar ratio,multiple sites,,Mn (equimolar ratio) @ multiple sites site,text,Abstract,,823.0,12.199999999999998,uW/cm.K2
ja1c07522.pdf,10.1021/jacs.1c07522,AgSbTe2,ATMS,AgMnSbTe3,1,No,Mn,equimolar ratio,multiple sites,,Mn (equimolar ratio) @ multiple sites site,text,"Results and Discussion, Section 3",,300.0,6.099999999999999,uW/cm.K2
ja1c07522.pdf,10.1021/jacs.1c07522,AgSbTe2,AgMnSbTe3 (m=1),AgMnSbTe3,1,No,Mn,equimolar ratio,multiple sites,,Mn (equimolar ratio) @ multiple sites site,figure,Figure 4C,Visually estimated from Figure 4C,823.0,12.199999999999998,uW/cm.K2
ja1c07522.pdf,10.1021/jacs.1c07522,AgSbTe2,AgMnSbTe2 (m=1),AgMnSbTe2,1,No,Mn,equimolar,multiple sites,,Mn (equimolar) @ multiple sites site,body text,,,300.0,6.099999999999999,uW/cm.K2
ja1c07522.pdf,10.1021/jacs.1c07522,AgSbTe2,AgMnSbTe2 (m=1),AgMnSbTe2,1,No,Mn,equimolar,multiple sites,,Mn (equimolar) @ multiple sites site,body text,,,823.0,12.199999999999998,uW/cm.K2
ja1c08931.pdf,10.1021/jacs.1c08931,(SnSe)0.5(AgSbTe2)0.5,pristine (SnSe)0.5(AgSbSe2)0.5,(SnSe)0.5(AgSbSe2)0.5,0,No,,,,,,body text,,,725.0,5.27,uW/cm.K2
ja1c08931.pdf,10.1021/jacs.1c08931,(SnSe)0.5(AgSbTe2)0.5,(SnSe)0.5(AgSb1-xGexSe2)0.5 (x = 0.06),(SnSe)0.5(AgSb0.94Ge0.06Se2)0.5,1,No,Ge,6 mol %,Sb,,Ge (6 mol %) @ Sb site,body text,,,706.0,7.879999999999999,uW/cm.K2
ja1c08931.pdf,10.1021/jacs.1c08931,(SnSe)0.5(AgSbTe2)0.5,"(SnSe)0.5(AgSb1-xGexTe2)0.5, x=0.0",(SnSe)0.5(AgSbTe2)0.5,1,No,Ge,x=0.0,Sb,,Ge (x=0.0) @ Sb site,body text,,,725.0,5.27,uW/cm.K2
ja1c08931.pdf,10.1021/jacs.1c08931,(SnSe)0.5(AgSbTe2)0.5,"(SnSe)0.5(AgSb1-xGexTe2)0.5, x=0.06",(SnSe)0.5(AgSb0.94Ge0.06Te2)0.5,1,No,Ge,x=0.06,Sb,,Ge (x=0.06) @ Sb site,body text,,,706.0,7.879999999999999,uW/cm.K2
ja3c09643.pdf,10.1021/jacs.3c09643,AgSbTe2,AgSb0.96Hg0.04Te2,AgSb0.96Hg0.04Te2,1,No,Hg,4 mol %,Sb,,Hg (4 mol %) @ Sb site,body text,Page 6,,297.0,12.199999999999998,uW/cm.K2
ja3c09643.pdf,10.1021/jacs.3c09643,AgSbTe2,AgSb0.96Hg0.04Te2,AgSb0.96Hg0.04Te2,1,No,Hg,4 mol %,Sb,,Hg (4 mol %) @ Sb site,body text,Page 6,,570.0,18.6,uW/cm.K2
ja3c09643.pdf,10.1021/jacs.3c09643,AgSbTe2,AgSbTe2,AgSbTe2,0,No,,,,,,figure,Figure 5c,Visually estimated from Figure 5c,300.0,8.0,uW/cm.K2
ja3c09643.pdf,10.1021/jacs.3c09643,AgSbTe2,AgSb0.96Hg0.04Te2,AgSb0.96Hg0.04Te2,1,No,Hg,4 mol %,Sb,,Hg (4 mol %) @ Sb site,figure,Figure 5c,Visually estimated from Figure 5c,300.0,12.0,uW/cm.K2
ja3c09643.pdf,10.1021/jacs.3c09643,AgSbTe2,AgSb0.98Hg0.02Te2,AgSb0.98Hg0.02Te2,1,No,Hg,2 mol %,Sb,,Hg (2 mol %) @ Sb site,figure,Figure 5c,Visually estimated from Figure 5c,300.0,10.0,uW/cm.K2
ja3c09643.pdf,10.1021/jacs.3c09643,AgSbTe2,AgSb0.94Hg0.06Te2,AgSb0.94Hg0.06Te2,1,No,Hg,6 mol %,Sb,,Hg (6 mol %) @ Sb site,figure,Figure 5c,Visually estimated from Figure 5c,300.0,11.0,uW/cm.K2
jp4c04467.pdf,10.1021/acs.jpcc.4c04467,AgSbTe2,AgSbTe1.92S0.08,AgSbTe1.92S0.08,1,No,S,x = 0.08,Te,,S (x = 0.08) @ Te site,body text,,,573.0,10.73,uW/cm.K2
nanomaterials-12-03910.pdf,10.3390/nano12213910,AgSbTe2,AgSbTe2 (arc-melted),AgSbTe2,0,No,,,,,,body text,,,,4.000000000000001,uW/cm.K2
nanomaterials-12-03910.pdf,10.3390/nano12213910,AgSbTe2,arc-melted AgSbTe2,AgSbTe2,0,No,,,,,,figure,Fig. 4c,Visually estimated from Fig. 4c,300.0,1.4999999999999998,uW/cm.K2
nanomaterials-12-03910.pdf,10.3390/nano12213910,AgSbTe2,arc-melted AgSbTe2,AgSbTe2,0,No,,,,,,figure,Fig. 4c,Visually estimated from Fig. 4c,550.0,3.8000000000000003,uW/cm.K2
nz1c01184.pdf,10.1021/acsenergylett.1c01184,AgSbTe2,6 mol % Cd-doped AgSbTe2,AgSb1-xCdxTe2 (x=0.06),1,No,Cd,6 mol %,Sb,,Cd (6 mol %) @ Sb site,text,page 9,,543.0,18.3,uW/cm.K2
nz1c01184.pdf,10.1021/acsenergylett.1c01184,AgSbTe2,AgSb0.96Zn0.04Te2,AgSb0.96Zn0.04Te2,1,No,Zn,0.04,Sb,,Zn (0.04) @ Sb site,text,page 7,,585.0,17.3,uW/cm.K2
nz1c01184.pdf,10.1021/acsenergylett.1c01184,AgSbTe2,AgSbTe1.85Se0.15,AgSbTe1.85Se0.15,1,No,Se,0.15,Te,,Se (0.15) @ Te site,text,page 6,,550.0,14.5,uW/cm.K2
nz1c01184.pdf,10.1021/acsenergylett.1c01184,AgSbTe2,AgSb1-xCd xTe2 (x=0.02),AgSb0.98Cd0.02Te2,1,No,Cd,2 mol %,Sb,,Cd (2 mol %) @ Sb site,figure,Fig. 7c,Visually estimated from Fig. 7c,300.0,10.0,uW/cm.K2
nz1c01184.pdf,10.1021/acsenergylett.1c01184,AgSbTe2,AgSb1-xCd xTe2 (x=0.06),AgSb0.94Cd0.06Te2,1,No,Cd,6 mol %,Sb,,Cd (6 mol %) @ Sb site,body text,,,543.0,18.3,uW/cm.K2
nz6b00639.pdf,10.1021/acsenergylett.6b00639,AgSbTe2,AgSbTe2,AgSbTe2,0,No,,,,,,body text,,,300.0,9.6,uW/cm.K2
nz6b00639.pdf,10.1021/acsenergylett.6b00639,AgSbTe2,AgSbTe2,AgSbTe2,0,No,,,,,,body text,,,610.0,7.9,uW/cm.K2
nz6b00639.pdf,10.1021/acsenergylett.6b00639,AgSbTe2,AgSb0.96Zn0.04Te2,AgSb0.96Zn0.04Te2,1,No,Zn,0.04,Sb,,Zn (0.04) @ Sb site,body text,,,300.0,11.5,uW/cm.K2
nz6b00639.pdf,10.1021/acsenergylett.6b00639,AgSbTe2,AgSb0.96Zn0.04Te2,AgSb0.96Zn0.04Te2,1,No,Zn,0.04,Sb,,Zn (0.04) @ Sb site,body text,,,585.0,17.3,uW/cm.K2
nz6b00639.pdf,10.1021/acsenergylett.6b00639,AgSbTe2,Ag0.96Zn0.04Te2,Ag0.96Zn0.04Te2,1,No,Zn,0.04,Sb,,Zn (0.04) @ Sb site,body text,,,300.0,11.5,uW/cm.K2
nz6b00639.pdf,10.1021/acsenergylett.6b00639,AgSbTe2,Ag0.96Zn0.04Te2,Ag0.96Zn0.04Te2,1,No,Zn,0.04,Sb,,Zn (0.04) @ Sb site,body text,,,585.0,17.3,uW/cm.K2
s10854-025-15118-x.pdf,10.1007/s10854-025-15118-x,AgSbTe2,MQ-450,AgSbTe2,0,No,,,,,,body text,Page 1,,600.0,13.16,uW/cm.K2
s10854-025-15118-x.pdf,10.1007/s10854-025-15118-x,AgSbTe2,MQ-450,AgSbTe2,0,No,,,,,,body text,Page 5,,300.0,9.519999999999998,uW/cm.K2
s10854-025-15118-x.pdf,10.1007/s10854-025-15118-x,AgSbTe2,MQ-350,AgSbTe2,0,No,,,,,,body text,Page 5,,300.0,2.79,uW/cm.K2
s10854-026-17196-x.pdf,10.1007/s10854-026-17196-x,AgSbTe2,AST-AS,AgSbTe2,0,No,,,,,,body text,Table 6,,300.0,1.0659999999999998,uW/cm.K2
s10854-026-17196-x.pdf,10.1007/s10854-026-17196-x,AgSbTe2,AST-50,AgSbTe2,0,No,,,,,,body text,Table 6,,300.0,1.7149999999999999,uW/cm.K2
s10854-026-17196-x.pdf,10.1007/s10854-026-17196-x,AgSbTe2,AST-70,AgSbTe2,0,No,,,,,,body text,Table 6,,300.0,11.792,uW/cm.K2
s10854-026-17196-x.pdf,10.1007/s10854-026-17196-x,AgSbTe2,AST-90,AgSbTe2,0,No,,,,,,body text,Table 6,,300.0,12.645999999999999,uW/cm.K2
s10854-026-17196-x.pdf,10.1007/s10854-026-17196-x,AgSbTe2,AST-110,AgSbTe2,0,No,,,,,,body text,Table 6,,300.0,4.603,uW/cm.K2
s11664-024-11310-7.pdf,10.1007/s11664-024-11310-7,AgSbTe2,Cu2-yAgxTe0.6S0.2Se0.2,Cu2-yAgxTe0.6S0.2Se0.2,2,Yes,Ag,y,unclear,Ag (x) @ unclear,Ag (y) @ unclear site; Ag (x) @ unclear site,figure,,"Visually estimated from Fig. 8d, showing temperature dependence for Cu2-yAgxTe0.6S0.2Se0.2 samples.",,8.0,uW/cm.K2
s12613-011-0446-5.pdf,10.1007/s12613-011-0446-5,Ag0.84Sb1.15Te2.16,AgSbTe2,Ag0.84Sb1.15Te2.16,0,No,,,,,,figure,,Visually estimated from Fig. 2(c),300.0,21.000000000000004,uW/cm.K2
s12613-011-0446-5.pdf,10.1007/s12613-011-0446-5,Ag0.84Sb1.15Te2.16,AgSbTe2-Ce,Ag0.84Sb1.15Ce0.01Te2.16,1,No,Ce,0.01,Sb,,Ce (0.01) @ Sb site,figure,,Visually estimated from Fig. 2(c),300.0,18.0,uW/cm.K2
s12613-011-0446-5.pdf,10.1007/s12613-011-0446-5,Ag0.84Sb1.15Te2.16,AgSbTe2-Yb,Ag0.84Sb1.15Yb0.01Te2.16,1,No,Yb,0.01,Sb,,Yb (0.01) @ Sb site,figure,,Visually estimated from Fig. 2(c),300.0,17.0,uW/cm.K2
s12613-011-0446-5.pdf,10.1007/s12613-011-0446-5,Ag0.84Sb1.15Te2.16,AgSbTe2-Cu,Ag0.84Sb1.15Cu0.01Te2.16,1,No,Cu,0.01,Sb,,Cu (0.01) @ Sb site,figure,,Visually estimated from Fig. 2(c),300.0,13.000000000000002,uW/cm.K2
s41467-024-55280-0.pdf,10.1038/s41467-024-55280-0,AgSbTe2,AgSb0.94Sn0.06Te2,AgSb0.94Sn0.06Te2,1,No,Sn,6 mol%,Sb,,Sn (6 mol%) @ Sb site,body text,,,673.0,27.0,uW/cm.K2
science.1092963.pdf,,AgPb_mSbTe_2+m,AgPb10SbTe12,AgPb10SbTe12,2,Yes,Ag,nominal,Ag,Sb (nominal) @ Sb,Ag (nominal) @ Ag site; Sb (nominal) @ Sb site,body text,,,300.0,12.3,uW/cm.K2
science.1092963.pdf,,AgPb_mSbTe_2+m,AgPb10SbTe12,AgPb10SbTe12,2,Yes,Ag,nominal,Ag,Sb (nominal) @ Sb,Ag (nominal) @ Ag site; Sb (nominal) @ Sb site,body text,,,700.0,11.399999999999999,uW/cm.K2
science.1092963.pdf,,AgPb_mSbTe_2+m,Ag1-xPb10Sb(Bi)Te12,Ag1-xPb10Sb(Bi)Te12,1,No,Ag,1-x,Ag,,Ag (1-x) @ Ag site,body text,,,300.0,17.0,uW/cm.K2
science.1092963.pdf,,AgPb_mSbTe_2+m,Ag1-xPb18SbTe20,Ag1-xPb18SbTe20,1,No,Ag,1-x,Ag,,Ag (1-x) @ Ag site,body text,,,700.0,28.0,uW/cm.K2
science.abb3517.pdf,,AgSbTe2,AgSbTe2,AgSbTe2,0,No,,,,,,figure,Fig. 4C,Visually estimated from Fig. 4C,300.0,9.0,uW/cm.K2
science.abb3517.pdf,,AgSbTe2,AgSb0.98Cd0.02Te2,AgSb0.98Cd0.02Te2,1,No,Cd,2 mol %,Sb,,Cd (2 mol %) @ Sb site,figure,Fig. 4C,Visually estimated from Fig. 4C,300.0,12.0,uW/cm.K2
science.abb3517.pdf,,AgSbTe2,AgSb0.94Cd0.06Te2,AgSb0.94Cd0.06Te2,1,No,Cd,6 mol %,Sb,,Cd (6 mol %) @ Sb site,figure,Fig. 4C,Visually estimated from Fig. 4C,300.0,14.0,uW/cm.K2
ssrn-4526442.pdf,,AgSbTe2,AgSbTe2 (pristine),AgSbTe2,0,No,,,,,,text,Page 6,,300.0,8.1,uW/cm.K2
ssrn-4526442.pdf,,AgSbTe2,AgSb0.95Ti0.05Te2,AgSb0.95Ti0.05Te2,1,No,Ti,0.05,Sb,,Ti (0.05) @ Sb site,text,Page 6,,523.0,11.999999999999998,uW/cm.K2
ssrn-4526442.pdf,,AgSbTe2,AgSb0.94Ti0.05Te2,AgSb0.94Ti0.05Te2,2,Yes,Ti,0.05,Sb,Sb vacancy (0.01) @ Sb,Ti (0.05) @ Sb site; Sb vacancy (0.01) @ Sb site,text,"Page 3, Abstract",,,14.200000000000001,uW/cm.K2
ssrn-4526442.pdf,,AgSbTe2,AgSb1-xTixTe2 (x=0),AgSbTe2,1,No,Ti,0,Sb,,Ti (0) @ Sb site,body text,page 1,,300.0,8.1,uW/cm.K2
ssrn-4526442.pdf,,AgSbTe2,AgSb1-xTixTe2 (x=0.05),AgSb0.95Ti0.05Te2,1,No,Ti,0.05,Sb,,Ti (0.05) @ Sb site,body text,page 1,,523.0,11.999999999999998,uW/cm.K2
ssrn-4526442.pdf,,AgSbTe2,AgSb0.95Ti0.05Te2,AgSb0.95Ti0.05Te2,1,No,Ti,0.05,Sb,,Ti (0.05) @ Sb site,figure,Fig. 6c,Visually estimated from Fig. 6c,323.0,10.0,uW/cm.K2
ssrn-6617408.pdf,,SnTe-AgSbTe2 (s-AST),SnTe-8% s-AST,SnTe-8% AgSbTe2,2,Yes,Ag,8%,Ag,Sb (8%) @ Sb,Ag (8%) @ Ag site; Sb (8%) @ Sb site,body text,,,823.0,27.900000000000002,uW/cm.K2
ssrn-6617408.pdf,,SnTe-AgSbTe2 (s-AST),SnTe-3% s-AST,SnTe-3% AgSbTe2,1,No,AgSbTe2,3%,unclear,,AgSbTe2 (3%) @ unclear site,figure,,Visually estimated from Fig. 5c,300.0,5.0,uW/cm.K2
